Trade number,Type,Date and time,Signal,Price USD,Size (qty),Size (value),Net PnL USD,Net PnL %,Favorable excursion USD,Favorable excursion %,Adverse excursion USD,Adverse excursion %,Cumulative PnL USD,Cumulative PnL %
1,Exit long,2023-01-05 08:00,time,1.06187,9418.85,9999.993045,1.6,0.02,13.75,0.14,-33.53,-0.34,1.6,0.02
1,Entry long,2023-01-04 08:00,L,1.0617,9418.85,9999.993045,1.6,0.02,13.75,0.14,-33.53,-0.34,1.6,0.02
2,Exit long,2023-01-09 13:00,X,1.07201,9417.61,10001.596,94.18,0.94,94.18,0.94,-3.48,-0.03,95.78,0.96
2,Entry long,2023-01-06 16:00,L,1.06201,9417.61,10001.596,94.18,0.94,94.18,0.94,-3.48,-0.03,95.78,0.96
3,Exit long,2023-01-10 13:00,time,1.07203,9412.08,10095.77349,-5.74,-0.06,32.38,0.32,-13.93,-0.14,90.04,0.90
3,Entry long,2023-01-09 13:00,L,1.07264,9412.08,10095.77349,-5.74,-0.06,32.38,0.32,-13.93,-0.14,90.04,0.90
4,Exit long,2023-01-12 14:00,X,1.07663,9316.31,10090.02955,-59.81,-0.59,3.26,0.03,-73.32,-0.73,30.23,0.30
4,Entry long,2023-01-12 13:00,L,1.08305,9316.31,10090.02955,-59.81,-0.59,3.26,0.03,-73.32,-0.73,30.23,0.30
5,Exit long,2023-01-13 13:00,X,1.07988,9244.36,10030.22304,-47.42,-0.47,16.55,0.16,-47.42,-0.47,-17.2,-0.17
5,Entry long,2023-01-12 17:00,L,1.08501,9244.36,10030.22304,-47.42,-0.47,16.55,0.16,-47.42,-0.47,-17.2,-0.17
6,Exit long,2023-01-17 15:00,X,1.08006,9188.45,9982.791503,-58.71,-0.59,0,0.00,-63.86,-0.64,-75.91,-0.76
6,Entry long,2023-01-17 14:00,L,1.08645,9188.45,9982.791503,-58.71,-0.59,0,0.00,-63.86,-0.64,-75.91,-0.76
7,Exit long,2023-01-24 00:00,time,1.08724,9116.04,9924.085786,-12.76,-0.13,37.01,0.37,-36.65,-0.37,-88.67,-0.89
7,Entry long,2023-01-23 00:00,L,1.08864,9116.04,9924.085786,-12.76,-0.13,37.01,0.37,-36.65,-0.37,-88.67,-0.89
8,Exit long,2023-01-25 11:00,X,1.08564,9086.53,9911.314328,-46.61,-0.47,3.36,0.03,-46.61,-0.47,-135.29,-1.35
8,Entry long,2023-01-25 06:00,L,1.09077,9086.53,9911.314328,-46.61,-0.47,3.36,0.03,-46.61,-0.47,-135.29,-1.35
9,Exit long,2023-02-01 19:00,X,1.09814,9065.66,9864.707272,90.66,0.92,90.66,0.92,-10.52,-0.11,-44.63,-0.45
9,Entry long,2023-02-01 07:00,L,1.08814,9065.66,9864.707272,90.66,0.92,90.66,0.92,-10.52,-0.11,-44.63,-0.45
10,Exit long,2023-02-02 14:00,X,1.0928,9067.39,9955.359503,-46.52,-0.47,48.69,0.49,-46.52,-0.47,-91.15,-0.91
10,Entry long,2023-02-01 19:00,L,1.09793,9067.39,9955.359503,-46.52,-0.47,48.69,0.49,-46.52,-0.47,-91.15,-0.91
11,Exit long,2023-02-10 00:00,X,1.07276,9192.82,9908.84875,-47.16,-0.48,11.22,0.11,-47.16,-0.48,-138.31,-1.38
11,Entry long,2023-02-09 10:00,L,1.07789,9192.82,9908.84875,-47.16,-0.48,11.22,0.11,-47.16,-0.48,-138.31,-1.38
12,Exit long,2023-02-14 15:00,time,1.07145,9198.56,9861.68419,-5.89,-0.06,77.08,0.78,-12.97,-0.13,-144.19,-1.44
12,Entry long,2023-02-13 15:00,L,1.07209,9198.56,9861.68419,-5.89,-0.06,77.08,0.78,-12.97,-0.13,-144.19,-1.44
13,Exit long,2023-02-21 07:00,time,1.06685,9208.36,9855.799792,-31.86,-0.32,1.57,0.02,-39.6,-0.40,-176.06,-1.76
13,Entry long,2023-02-20 07:00,L,1.07031,9208.36,9855.799792,-31.86,-0.32,1.57,0.02,-39.6,-0.40,-176.06,-1.76
14,Exit long,2023-02-28 14:00,time,1.06331,9275.66,9823.944263,38.96,0.40,46.19,0.47,-10.67,-0.11,-137.1,-1.37
14,Entry long,2023-02-27 14:00,L,1.05911,9275.66,9823.944263,38.96,0.40,46.19,0.47,-10.67,-0.11,-137.1,-1.37
15,Exit long,2023-03-02 09:00,X,1.06198,9242.62,9862.892228,-47.41,-0.48,18.85,0.19,-47.41,-0.48,-184.51,-1.85
15,Entry long,2023-03-01 11:00,L,1.06711,9242.62,9862.892228,-47.41,-0.48,18.85,0.19,-47.41,-0.48,-184.51,-1.85
16,Exit long,2023-03-07 14:00,time,1.06467,9198.71,9815.483506,-21.89,-0.22,22.17,0.23,-27.87,-0.28,-206.4,-2.06
16,Entry long,2023-03-06 14:00,L,1.06705,9198.71,9815.483506,-21.89,-0.22,22.17,0.23,-27.87,-0.28,-206.4,-2.06
17,Exit long,2023-03-10 15:00,X,1.06911,9247,9793.59017,92.47,0.94,92.47,0.94,-17.29,-0.18,-113.93,-1.14
17,Entry long,2023-03-09 18:00,L,1.05911,9247,9793.59017,92.47,0.94,92.47,0.94,-17.29,-0.18,-113.93,-1.14
18,Exit long,2023-03-22 18:00,X,1.08985,9155.03,9886.059146,91.55,0.93,91.55,0.93,-20.97,-0.21,-22.38,-0.22
18,Entry long,2023-03-22 11:00,L,1.07985,9155.03,9886.059146,91.55,0.93,91.55,0.93,-20.97,-0.21,-22.38,-0.22
19,Exit long,2023-03-23 18:00,X,1.08308,9168.83,9977.612494,-47.04,-0.47,43.74,0.44,-47.04,-0.47,-69.42,-0.69
19,Entry long,2023-03-22 18:00,L,1.08821,9168.83,9977.612494,-47.04,-0.47,43.74,0.44,-47.04,-0.47,-69.42,-0.69
20,Exit long,2023-03-28 20:00,time,1.08441,9194.55,9930.573727,40.09,0.40,44.32,0.45,-4.6,-0.05,-29.33,-0.29
20,Entry long,2023-03-27 20:00,L,1.08005,9194.55,9930.573727,40.09,0.40,44.32,0.45,-4.6,-0.05,-29.33,-0.29
21,Exit long,2023-03-31 12:00,time,1.08859,9137.76,9970.666824,-23.39,-0.23,13.62,0.14,-43.22,-0.43,-52.73,-0.53
21,Entry long,2023-03-30 12:00,L,1.09115,9137.76,9970.666824,-23.39,-0.23,13.62,0.14,-43.22,-0.43,-52.73,-0.53
22,Exit long,2023-04-05 07:00,time,1.09489,9103.8,9947.26707,20.39,0.21,42.7,0.43,-36.14,-0.36,-32.33,-0.32
22,Entry long,2023-04-04 07:00,L,1.09265,9103.8,9947.26707,20.39,0.21,42.7,0.43,-36.14,-0.36,-32.33,-0.32
23,Exit long,2023-04-12 08:00,time,1.09225,9137.85,9967.658159,13.16,0.13,26.77,0.27,-10.87,-0.11,-19.17,-0.19
23,Entry long,2023-04-11 08:00,L,1.09081,9137.85,9967.658159,13.16,0.13,26.77,0.27,-10.87,-0.11,-19.17,-0.19
24,Exit long,2023-04-13 12:00,time,1.10476,9102.1,9980.816734,74.82,0.75,80.28,0.80,-6.55,-0.07,55.65,0.56
24,Entry long,2023-04-12 12:00,L,1.09654,9102.1,9980.816734,74.82,0.75,80.28,0.80,-6.55,-0.07,55.65,0.56
25,Exit long,2023-04-14 13:00,time,1.10292,9087.05,10055.63866,-33.35,-0.33,9.18,0.09,-42.98,-0.43,22.3,0.22
25,Entry long,2023-04-13 13:00,L,1.10659,9087.05,10055.63866,-33.35,-0.33,9.18,0.09,-42.98,-0.43,22.3,0.22
26,Exit long,2023-04-25 12:00,time,1.1016,9091.09,10022.29035,-7.55,-0.08,38.91,0.39,-13.36,-0.13,14.75,0.15
26,Entry long,2023-04-24 12:00,L,1.10243,9091.09,10022.29035,-7.55,-0.08,38.91,0.39,-13.36,-0.13,14.75,0.15
27,Exit long,2023-04-26 15:00,X,1.10352,9033.28,10014.74587,-46.34,-0.46,0,0.00,-46.34,-0.46,-31.59,-0.32
27,Entry long,2023-04-26 13:00,L,1.10865,9033.28,10014.74587,-46.34,-0.46,0,0.00,-46.34,-0.46,-31.59,-0.32
28,Exit long,2023-05-04 06:00,time,1.10741,9035.82,9968.406982,37.95,0.38,54.12,0.54,-9.13,-0.09,6.36,0.06
28,Entry long,2023-05-03 06:00,L,1.10321,9035.82,9968.406982,37.95,0.38,54.12,0.54,-9.13,-0.09,6.36,0.06
29,Exit long,2023-05-11 06:00,X,1.09508,9094.95,10006.35494,-46.66,-0.47,4.46,0.04,-46.66,-0.47,-40.3,-0.40
29,Entry long,2023-05-10 12:00,L,1.10021,9094.95,10006.35494,-46.66,-0.47,4.46,0.04,-46.66,-0.47,-40.3,-0.40
30,Exit long,2023-06-27 11:00,time,1.09433,9121.35,9959.693278,22.07,0.22,30.74,0.31,-17.42,-0.17,-18.22,-0.18
30,Entry long,2023-06-26 11:00,L,1.09191,9121.35,9959.693278,22.07,0.22,30.74,0.31,-17.42,-0.17,-18.22,-0.18
31,Exit long,2023-06-28 12:00,time,1.09265,9101.97,9981.76642,-36.5,-0.37,9.1,0.09,-36.86,-0.37,-54.72,-0.55
31,Entry long,2023-06-27 12:00,L,1.09666,9101.97,9981.76642,-36.5,-0.37,9.1,0.09,-36.86,-0.37,-54.72,-0.55
32,Exit long,2023-07-10 12:00,time,1.09457,9113.23,9945.267899,29.8,0.30,54.95,0.55,-16.13,-0.16,-24.92,-0.25
32,Entry long,2023-07-07 12:00,L,1.0913,9113.23,9945.267899,29.8,0.30,54.95,0.55,-16.13,-0.16,-24.92,-0.25
33,Exit long,2023-07-11 20:00,time,1.10074,9066.19,9975.075548,4.44,0.04,22.57,0.23,-23.21,-0.23,-20.48,-0.20
33,Entry long,2023-07-10 20:00,L,1.10025,9066.19,9975.075548,4.44,0.04,22.57,0.23,-23.21,-0.23,-20.48,-0.20
34,Exit long,2023-07-12 18:00,X,1.11377,9041.3,9979.515701,90.41,0.91,90.41,0.91,-21.61,-0.22,69.93,0.70
34,Entry long,2023-07-12 04:00,L,1.10377,9041.3,9979.515701,90.41,0.91,90.41,0.91,-21.61,-0.22,69.93,0.70
35,Exit long,2023-07-13 18:00,time,1.12211,9039.76,10069.93105,73.67,0.73,75.21,0.75,-10.4,-0.10,143.61,1.44
35,Entry long,2023-07-12 18:00,L,1.11396,9039.76,10069.93105,73.67,0.73,75.21,0.75,-10.4,-0.10,143.61,1.44
36,Exit long,2023-07-14 19:00,time,1.12247,9034.44,10143.5982,-2.71,-0.03,15.72,0.15,-21.32,-0.21,140.9,1.41
36,Entry long,2023-07-13 19:00,L,1.12277,9034.44,10143.5982,-2.71,-0.03,15.72,0.15,-21.32,-0.21,140.9,1.41
37,Exit long,2023-07-27 10:00,time,1.11361,9149.7,10140.887,48.31,0.48,60.85,0.60,-24.43,-0.24,189.21,1.89
37,Entry long,2023-07-26 10:00,L,1.10833,9149.7,10140.887,48.31,0.48,60.85,0.60,-24.43,-0.24,189.21,1.89
38,Exit long,2023-07-31 14:00,time,1.10239,9231.77,10189.19687,-12.19,-0.12,8.12,0.08,-29.36,-0.29,177.02,1.77
38,Entry long,2023-07-28 14:00,L,1.10371,9231.77,10189.19687,-12.19,-0.12,8.12,0.08,-29.36,-0.29,177.02,1.77
39,Exit long,2023-08-07 13:00,time,1.09917,9240.32,10177.01124,-20.33,-0.20,26.15,0.26,-44.63,-0.44,156.69,1.57
39,Entry long,2023-08-04 13:00,L,1.10137,9240.32,10177.01124,-20.33,-0.20,26.15,0.26,-44.63,-0.44,156.69,1.57
40,Exit long,2023-08-10 07:00,time,1.10071,9245.46,10156.69254,19.88,0.20,30.6,0.30,-21.63,-0.21,176.57,1.77
40,Entry long,2023-08-09 07:00,L,1.09856,9245.46,10156.69254,19.88,0.20,30.6,0.30,-21.63,-0.21,176.57,1.77
41,Exit long,2023-08-10 17:00,X,1.09778,9227.01,10176.5616,-47.33,-0.47,33.31,0.33,-47.33,-0.47,129.24,1.29
41,Entry long,2023-08-10 10:00,L,1.10291,9227.01,10176.5616,-47.33,-0.47,33.31,0.33,-47.33,-0.47,129.24,1.29
42,Exit long,2023-08-16 09:00,time,1.09253,9257.46,10129.23501,-15.18,-0.15,9.91,0.10,-41.57,-0.41,114.05,1.14
42,Entry long,2023-08-15 09:00,L,1.09417,9257.46,10129.23501,-15.18,-0.15,9.91,0.10,-41.57,-0.41,114.05,1.14
43,Exit long,2023-08-22 07:00,time,1.09243,9287.55,10114.04907,31.95,0.32,37.61,0.37,-13.56,-0.13,146,1.46
43,Entry long,2023-08-21 07:00,L,1.08899,9287.55,10114.04907,31.95,0.32,37.61,0.37,-13.56,-0.13,146,1.46
44,Exit long,2023-11-20 18:00,time,1.09439,9304.24,10145.99459,36.47,0.36,43.92,0.43,-8.56,-0.08,182.48,1.82
44,Entry long,2023-11-17 18:00,L,1.09047,9304.24,10145.99459,36.47,0.36,43.92,0.43,-8.56,-0.08,182.48,1.82
45,Exit long,2023-11-21 18:00,X,1.09024,9295.92,10182.47189,-47.69,-0.47,10.69,0.10,-47.69,-0.47,134.79,1.35
45,Entry long,2023-11-21 01:00,L,1.09537,9295.92,10182.47189,-47.69,-0.47,10.69,0.10,-47.69,-0.47,134.79,1.35
46,Exit long,2023-11-27 14:00,time,1.09271,9265.58,10134.78406,-10.19,-0.10,19.55,0.19,-11.77,-0.12,124.6,1.25
46,Entry long,2023-11-24 14:00,L,1.09381,9265.58,10134.78406,-10.19,-0.10,19.55,0.19,-11.77,-0.12,124.6,1.25
47,Exit long,2023-11-29 13:00,time,1.09715,9226.15,10124.59249,-2.12,-0.02,40.13,0.40,-8.95,-0.09,122.47,1.22
47,Entry long,2023-11-28 13:00,L,1.09738,9226.15,10124.59249,-2.12,-0.02,40.13,0.40,-8.95,-0.09,122.47,1.22
48,Exit long,2023-12-08 13:00,X,1.07638,9359.57,10122.46855,-48.01,-0.47,0,0.00,-48.01,-0.47,74.46,0.74
48,Entry long,2023-12-07 17:00,L,1.08151,9359.57,10122.46855,-48.01,-0.47,0,0.00,-48.01,-0.47,74.46,0.74
49,Exit long,2023-12-13 09:00,time,1.07862,9332.86,10074.44906,-7.84,-0.08,31.36,0.31,-25.57,-0.25,66.62,0.67
49,Entry long,2023-12-12 09:00,L,1.07946,9332.86,10074.44906,-7.84,-0.08,31.36,0.31,-25.57,-0.25,66.62,0.67
50,Exit long,2023-12-14 14:00,X,1.09891,9244.67,10066.61361,92.45,0.92,92.45,0.92,-22.28,-0.22,159.07,1.59
50,Entry long,2023-12-13 19:00,L,1.08891,9244.67,10066.61361,92.45,0.92,92.45,0.92,-22.28,-0.22,159.07,1.59
51,Exit long,2023-12-15 12:00,X,1.09409,9242.06,10159.05719,-47.41,-0.47,15.9,0.16,-47.41,-0.47,111.65,1.12
51,Entry long,2023-12-14 14:00,L,1.09922,9242.06,10159.05719,-47.41,-0.47,15.9,0.16,-47.41,-0.47,111.65,1.12
52,Exit long,2023-12-20 12:00,time,1.09356,9217.63,10111.64793,-31.62,-0.31,16.32,0.16,-33.09,-0.33,80.04,0.80
52,Entry long,2023-12-19 12:00,L,1.09699,9217.63,10111.64793,-31.62,-0.31,16.32,0.16,-33.09,-0.33,80.04,0.80
53,Exit long,2023-12-22 20:00,time,1.10115,9160,10080.0304,6.5,0.06,32.98,0.33,-9.53,-0.09,86.54,0.87
53,Entry long,2023-12-21 20:00,L,1.10044,9160,10080.0304,6.5,0.06,32.98,0.33,-9.53,-0.09,86.54,0.87
54,Exit long,2023-12-27 16:00,time,1.11113,9139.75,10086.5367,68.91,0.68,79.42,0.79,-6.85,-0.07,155.45,1.55
54,Entry long,2023-12-26 16:00,L,1.10359,9139.75,10086.5367,68.91,0.68,79.42,0.79,-6.85,-0.07,155.45,1.55
55,Exit long,2023-12-28 13:00,X,1.10794,9123.82,10155.45033,-46.81,-0.46,1.55,0.02,-46.81,-0.46,108.65,1.09
55,Entry long,2023-12-28 09:00,L,1.11307,9123.82,10155.45033,-46.81,-0.46,1.55,0.02,-46.81,-0.46,108.65,1.09
56,Exit long,2024-01-05 08:00,X,1.09035,9227.59,10108.64029,-47.34,-0.47,16.24,0.16,-47.34,-0.47,61.31,0.61
56,Entry long,2024-01-04 08:00,L,1.09548,9227.59,10108.64029,-47.34,-0.47,16.24,0.16,-47.34,-0.47,61.31,0.61
57,Exit long,2024-01-09 15:00,X,1.09255,9165.97,10061.30195,-47.02,-0.47,1.92,0.02,-47.02,-0.47,14.29,0.14
57,Entry long,2024-01-08 16:00,L,1.09768,9165.97,10061.30195,-47.02,-0.47,1.92,0.02,-47.02,-0.47,14.29,0.14
58,Exit long,2024-01-11 15:00,time,1.09451,9129.87,10014.28051,-21.55,-0.22,28.21,0.28,-35.06,-0.35,-7.26,-0.07
58,Entry long,2024-01-10 15:00,L,1.09687,9129.87,10014.28051,-21.55,-0.22,28.21,0.28,-35.06,-0.35,-7.26,-0.07
59,Exit long,2024-01-18 13:00,X,1.0854,9163.19,9992.733591,-47.01,-0.47,1.19,0.01,-47.01,-0.47,-54.26,-0.54
59,Entry long,2024-01-18 06:00,L,1.09053,9163.19,9992.733591,-47.01,-0.47,1.19,0.01,-47.01,-0.47,-54.26,-0.54
60,Exit long,2024-01-23 01:00,time,1.08872,9121.76,9945.728581,-14.69,-0.15,5.93,0.06,-25.08,-0.25,-68.95,-0.69
60,Entry long,2024-01-22 01:00,L,1.09033,9121.76,9945.728581,-14.69,-0.15,5.93,0.06,-25.08,-0.25,-68.95,-0.69
61,Exit long,2024-01-23 11:00,X,1.08642,9098.11,9931.041971,-46.67,-0.47,0.45,0.00,-46.67,-0.47,-115.62,-1.16
61,Entry long,2024-01-23 06:00,L,1.09155,9098.11,9931.041971,-46.67,-0.47,0.45,0.00,-46.67,-0.47,-115.62,-1.16
62,Exit long,2024-01-25 00:00,X,1.0875,9046.4,9884.368032,-46.41,-0.47,5.52,0.06,-46.41,-0.47,-162.03,-1.62
62,Entry long,2024-01-24 13:00,L,1.09263,9046.4,9884.368032,-46.41,-0.47,5.52,0.06,-46.41,-0.47,-162.03,-1.62
63,Exit long,2024-01-29 09:00,X,1.08246,9045.66,9837.969359,-46.4,-0.47,9.59,0.10,-46.4,-0.47,-208.43,-2.08
63,Entry long,2024-01-26 11:00,L,1.08759,9045.66,9837.969359,-46.4,-0.47,9.59,0.10,-46.4,-0.47,-208.43,-2.08
64,Exit long,2024-01-31 14:00,time,1.08787,9022.98,9791.557436,24.27,0.25,31.49,0.32,-41.33,-0.42,-184.16,-1.84
64,Entry long,2024-01-30 14:00,L,1.08518,9022.98,9791.557436,24.27,0.25,31.49,0.32,-41.33,-0.42,-184.16,-1.84
65,Exit long,2024-02-02 13:00,X,1.08144,9033.78,9815.834335,-46.34,-0.47,28.82,0.29,-46.34,-0.47,-230.51,-2.31
65,Entry long,2024-02-01 16:00,L,1.08657,9033.78,9815.834335,-46.34,-0.47,28.82,0.29,-46.34,-0.47,-230.51,-2.31
66,Exit long,2024-03-14 11:00,time,1.09403,8927.29,9769.490539,-2.77,-0.03,18.39,0.19,-10.71,-0.11,-233.27,-2.33
66,Entry long,2024-03-13 11:00,L,1.09434,8927.29,9769.490539,-2.77,-0.03,18.39,0.19,-10.71,-0.11,-233.27,-2.33
67,Exit long,2024-03-19 07:00,X,1.08524,8957.25,9766.716683,-45.95,-0.47,1.16,0.01,-45.95,-0.47,-279.22,-2.79
67,Entry long,2024-03-18 11:00,L,1.09037,8957.25,9766.716683,-45.95,-0.47,1.16,0.01,-45.95,-0.47,-279.22,-2.79
68,Exit long,2024-03-21 15:00,X,1.08644,8905.31,9720.769237,-45.68,-0.47,24.04,0.25,-45.68,-0.47,-324.91,-3.25
68,Entry long,2024-03-20 18:00,L,1.09157,8905.31,9720.769237,-45.68,-0.47,24.04,0.25,-45.68,-0.47,-324.91,-3.25
69,Exit long,2024-03-26 12:00,time,1.08508,8931.95,9675.08824,16.79,0.17,28.94,0.30,-2.5,-0.03,-308.12,-3.08
69,Entry long,2024-03-25 12:00,L,1.0832,8931.95,9675.08824,16.79,0.17,28.94,0.30,-2.5,-0.03,-308.12,-3.08
70,Exit long,2024-05-27 12:00,time,1.08478,8930.47,9691.881872,-4.29,-0.04,13.31,0.14,-10.72,-0.11,-312.4,-3.12
70,Entry long,2024-05-24 12:00,L,1.08526,8930.47,9691.881872,-4.29,-0.04,13.31,0.14,-10.72,-0.11,-312.4,-3.12
71,Exit long,2024-05-29 01:00,time,1.08503,8909.11,9687.588032,-20.94,-0.22,13.63,0.14,-23.16,-0.24,-333.34,-3.33
71,Entry long,2024-05-28 01:00,L,1.08738,8909.11,9687.588032,-20.94,-0.22,13.63,0.14,-23.16,-0.24,-333.34,-3.33
72,Exit long,2024-05-31 14:00,time,1.08543,8915.93,9666.651306,10.97,0.11,36.11,0.37,-27.28,-0.28,-322.37,-3.22
72,Entry long,2024-05-30 14:00,L,1.0842,8915.93,9666.651306,10.97,0.11,36.11,0.37,-27.28,-0.28,-322.37,-3.22
73,Exit long,2024-06-04 15:00,time,1.08763,8885.81,9677.624529,-13.15,-0.14,22.13,0.23,-28.52,-0.29,-335.52,-3.36
73,Entry long,2024-06-03 15:00,L,1.08911,8885.81,9677.624529,-13.15,-0.14,22.13,0.23,-28.52,-0.29,-335.52,-3.36
74,Exit long,2024-06-13 10:00,time,1.0793,8981.93,9664.466861,29.73,0.31,83.08,0.86,-2.34,-0.02,-305.79,-3.06
74,Entry long,2024-06-12 10:00,L,1.07599,8981.93,9664.466861,29.73,0.31,83.08,0.86,-2.34,-0.02,-305.79,-3.06
75,Exit long,2024-06-18 15:00,time,1.07371,9040.06,9694.198742,12.2,0.13,34.17,0.35,-12.2,-0.13,-293.59,-2.94
75,Entry long,2024-06-17 15:00,L,1.07236,9040.06,9694.198742,12.2,0.13,34.17,0.35,-12.2,-0.13,-293.59,-2.94
76,Exit long,2024-07-18 08:00,time,1.09295,8869.72,9706.400688,-12.24,-0.13,4.35,0.04,-17.3,-0.18,-305.83,-3.06
76,Entry long,2024-07-17 08:00,L,1.09433,8869.72,9706.400688,-12.24,-0.13,4.35,0.04,-17.3,-0.18,-305.83,-3.06
77,Exit long,2024-08-01 08:00,X,1.07832,8947.5,9694.168875,-45.9,-0.47,13.51,0.14,-45.9,-0.47,-351.73,-3.52
77,Entry long,2024-07-31 10:00,L,1.08345,8947.5,9694.168875,-45.9,-0.47,13.51,0.14,-45.9,-0.47,-351.73,-3.52
78,Exit long,2024-08-05 04:00,X,1.09327,8906.61,9648.263415,89.07,0.92,89.07,0.92,-3.12,-0.03,-262.66,-2.63
78,Entry long,2024-08-02 11:00,L,1.08327,8906.61,9648.263415,89.07,0.92,89.07,0.92,-3.12,-0.03,-262.66,-2.63
79,Exit long,2024-08-06 04:00,time,1.09507,8905.63,9737.326786,14.96,0.15,66.79,0.69,-36.78,-0.38,-247.7,-2.48
79,Entry long,2024-08-05 04:00,L,1.09339,8905.63,9737.326786,14.96,0.15,66.79,0.69,-36.78,-0.38,-247.7,-2.48
80,Exit long,2024-08-08 12:00,X,1.08928,8911,9752.28751,-45.71,-0.47,0.98,0.01,-45.71,-0.47,-293.42,-2.93
80,Entry long,2024-08-08 06:00,L,1.09441,8911,9752.28751,-45.71,-0.47,0.98,0.01,-45.71,-0.47,-293.42,-2.93
81,Exit long,2024-08-14 13:00,time,1.10363,8856.29,9706.582403,67.48,0.70,72.89,0.75,-10.63,-0.11,-225.93,-2.26
81,Entry long,2024-08-13 13:00,L,1.09601,8856.29,9706.582403,67.48,0.70,72.89,0.75,-10.63,-0.11,-225.93,-2.26
82,Exit long,2024-08-19 13:00,time,1.10433,8882.52,9774.058532,35.17,0.36,41.66,0.43,-18.74,-0.19,-190.76,-1.91
82,Entry long,2024-08-16 13:00,L,1.10037,8882.52,9774.058532,35.17,0.36,41.66,0.43,-18.74,-0.19,-190.76,-1.91
83,Exit long,2024-08-20 14:00,time,1.11105,8863.58,9809.23535,38.65,0.39,44.32,0.45,-6.29,-0.06,-152.11,-1.52
83,Entry long,2024-08-19 14:00,L,1.10669,8863.58,9809.23535,38.65,0.39,44.32,0.45,-6.29,-0.06,-152.11,-1.52
84,Exit long,2024-08-21 18:00,time,1.11605,8854.42,9847.885924,34.09,0.35,46.13,0.47,-20.28,-0.21,-118.02,-1.18
84,Entry long,2024-08-20 18:00,L,1.1122,8854.42,9847.885924,34.09,0.35,46.13,0.47,-20.28,-0.21,-118.02,-1.18
85,Exit long,2024-08-26 14:00,time,1.11753,8842.06,9881.974677,-0.71,-0.01,22.64,0.23,-22.9,-0.23,-118.73,-1.19
85,Entry long,2024-08-23 14:00,L,1.11761,8842.06,9881.974677,-0.71,-0.01,22.64,0.23,-22.9,-0.23,-118.73,-1.19
86,Exit long,2024-09-05 14:00,time,1.10783,8909.18,9881.26063,-11.4,-0.12,25.57,0.26,-22.99,-0.23,-130.13,-1.30
86,Entry long,2024-09-04 14:00,L,1.10911,8909.18,9881.26063,-11.4,-0.12,25.57,0.26,-22.99,-0.23,-130.13,-1.30
87,Exit long,2024-09-06 16:00,X,1.1071,8873.94,9869.862286,-45.52,-0.46,11.45,0.12,-50.23,-0.51,-175.66,-1.76
87,Entry long,2024-09-06 12:00,L,1.11223,8873.94,9869.862286,-45.52,-0.46,11.45,0.12,-50.23,-0.51,-175.66,-1.76
88,Exit long,2024-09-13 17:00,time,1.10803,8884.53,9824.335583,19.99,0.20,39.27,0.40,-5.86,-0.06,-155.67,-1.56
88,Entry long,2024-09-12 17:00,L,1.10578,8884.53,9824.335583,19.99,0.20,39.27,0.40,-5.86,-0.06,-155.67,-1.56
89,Exit long,2024-09-17 08:00,time,1.11435,8849.39,9844.326918,16.99,0.17,19.47,0.20,-7.52,-0.08,-138.68,-1.39
89,Entry long,2024-09-16 08:00,L,1.11243,8849.39,9844.326918,16.99,0.17,19.47,0.20,-7.52,-0.08,-138.68,-1.39
90,Exit long,2024-09-25 14:00,time,1.11713,8842.57,9861.32249,16.98,0.17,54.91,0.56,-4.69,-0.05,-121.7,-1.22
90,Entry long,2024-09-24 14:00,L,1.11521,8842.57,9861.32249,16.98,0.17,54.91,0.56,-4.69,-0.05,-121.7,-1.22
91,Exit long,2024-09-27 07:00,X,1.11328,8832.45,9878.300404,-45.31,-0.46,0.09,0.00,-45.31,-0.46,-167.01,-1.67
91,Entry long,2024-09-26 15:00,L,1.11841,8832.45,9878.300404,-45.31,-0.46,0.09,0.00,-45.31,-0.46,-167.01,-1.67
92,Exit long,2025-03-06 18:00,X,1.07652,9090.73,9832.988105,-46.64,-0.47,33.73,0.34,-46.64,-0.47,-213.64,-2.14
92,Entry long,2025-03-06 01:00,L,1.08165,9090.73,9832.988105,-46.64,-0.47,33.73,0.34,-46.64,-0.47,-213.64,-2.14
93,Exit long,2025-03-12 08:00,time,1.09203,8963.09,9786.349817,1.61,0.02,25.72,0.26,-33.43,-0.34,-212.03,-2.12
93,Entry long,2025-03-11 08:00,L,1.09185,8963.09,9786.349817,1.61,0.02,25.72,0.26,-33.43,-0.34,-212.03,-2.12
94,Exit long,2025-03-18 09:00,time,1.09492,8978.71,9787.961132,43.01,0.44,48.04,0.49,-12.48,-0.13,-169.02,-1.69
94,Entry long,2025-03-17 09:00,L,1.09013,8978.71,9787.961132,43.01,0.44,48.04,0.49,-12.48,-0.13,-169.02,-1.69
95,Exit long,2025-03-28 15:00,time,1.08239,9101.91,9830.972991,20.84,0.21,39.87,0.41,-33.13,-0.34,-148.18,-1.48
95,Entry long,2025-03-27 15:00,L,1.0801,9101.91,9830.972991,20.84,0.21,39.87,0.41,-33.13,-0.34,-148.18,-1.48
96,Exit long,2025-04-03 05:00,X,1.09279,9098.55,9851.818954,90.99,0.92,90.99,0.92,-20.65,-0.21,-57.19,-0.57
96,Entry long,2025-04-02 13:00,L,1.08279,9098.55,9851.818954,90.99,0.92,90.99,0.92,-20.65,-0.21,-57.19,-0.57
97,Exit long,2025-04-03 09:00,X,1.10457,9083.75,9942.800237,90.84,0.91,90.84,0.91,-9.9,-0.10,33.64,0.34
97,Entry long,2025-04-03 05:00,L,1.09457,9083.75,9942.800237,90.84,0.91,90.84,0.91,-9.9,-0.10,33.64,0.34
98,Exit long,2025-04-03 13:00,X,1.11321,9094.95,10033.63979,90.95,0.91,103.96,1.04,-3.73,-0.04,124.59,1.25
98,Entry long,2025-04-03 09:00,L,1.10321,9094.95,10033.63979,90.95,0.91,103.96,1.04,-3.73,-0.04,124.59,1.25
99,Exit long,2025-04-09 07:00,X,1.10184,9146.22,10124.59115,-46.92,-0.46,18.57,0.18,-46.92,-0.46,77.67,0.78
99,Entry long,2025-04-09 04:00,L,1.10697,9146.22,10124.59115,-46.92,-0.46,18.57,0.18,-46.92,-0.46,77.67,0.78
100,Exit long,2025-04-11 00:00,X,1.12869,9008.45,10077.66293,90.08,0.89,90.08,0.89,-30,-0.30,167.76,1.68
100,Entry long,2025-04-10 14:00,L,1.11869,9008.45,10077.66293,90.08,0.89,90.08,0.89,-30,-0.30,167.76,1.68
101,Exit long,2025-04-11 06:00,X,1.12602,8988.86,10167.74899,-46.11,-0.45,38.65,0.38,-46.11,-0.45,121.65,1.22
101,Entry long,2025-04-11 00:00,L,1.13115,8988.86,10167.74899,-46.11,-0.45,38.65,0.38,-46.11,-0.45,121.65,1.22
102,Exit long,2025-04-11 10:00,X,1.13772,8856.49,10121.6396,-45.43,-0.45,0,0.00,-45.43,-0.45,76.21,0.76
102,Entry long,2025-04-11 08:00,L,1.14285,8856.49,10121.6396,-45.43,-0.45,0,0.00,-45.43,-0.45,76.21,0.76
103,Exit long,2025-04-21 02:00,X,1.15123,8829.25,10076.20498,88.29,0.88,88.29,0.88,-14.57,-0.14,164.5,1.65
103,Entry long,2025-04-20 21:00,L,1.14123,8829.25,10076.20498,88.29,0.88,88.29,0.88,-14.57,-0.14,164.5,1.65
104,Exit long,2025-04-22 02:00,time,1.15193,8834.16,10164.49615,11.84,0.12,59.63,0.59,-21.38,-0.21,176.34,1.76
104,Entry long,2025-04-21 02:00,L,1.15059,8834.16,10164.49615,11.84,0.12,59.63,0.59,-21.38,-0.21,176.34,1.76
105,Exit long,2025-05-02 15:00,X,1.13228,8946.94,10176.33903,-45.9,-0.45,6.26,0.06,-45.9,-0.45,130.44,1.30
105,Entry long,2025-05-02 13:00,L,1.13741,8946.94,10176.33903,-45.9,-0.45,6.26,0.06,-45.9,-0.45,130.44,1.30
106,Exit long,2025-05-14 08:00,X,1.12319,9100.37,10130.44088,91,0.90,91,0.90,-4,-0.04,221.45,2.21
106,Entry long,2025-05-13 12:00,L,1.11319,9100.37,10130.44088,91,0.90,91,0.90,-4,-0.04,221.45,2.21
107,Exit long,2025-05-14 16:00,X,1.11887,9093.81,10221.44244,-46.65,-0.46,23.64,0.23,-46.65,-0.46,174.8,1.75
107,Entry long,2025-05-14 08:00,L,1.124,9093.81,10221.44244,-46.65,-0.46,23.64,0.23,-46.65,-0.46,174.8,1.75
108,Exit long,2025-05-19 16:00,X,1.12299,9019.24,10174.78503,-46.27,-0.45,6.49,0.06,-46.27,-0.45,128.53,1.29
108,Entry long,2025-05-19 09:00,L,1.12812,9019.24,10174.78503,-46.27,-0.45,6.49,0.06,-46.27,-0.45,128.53,1.29
109,Exit long,2025-05-22 02:00,time,1.13377,8945.01,10128.52427,13.06,0.13,35.6,0.35,-10.82,-0.11,141.59,1.42
109,Entry long,2025-05-21 02:00,L,1.13231,8945.01,10128.52427,13.06,0.13,35.6,0.35,-10.82,-0.11,141.59,1.42
110,Exit long,2025-05-23 11:00,X,1.12992,8934.92,10141.58095,-45.84,-0.45,22.69,0.22,-45.84,-0.45,95.75,0.96
110,Entry long,2025-05-23 09:00,L,1.13505,8934.92,10141.58095,-45.84,-0.45,22.69,0.22,-45.84,-0.45,95.75,0.96
111,Exit long,2025-05-27 00:00,time,1.13988,8857.24,10095.74787,0.44,0.00,18.25,0.18,-26.04,-0.26,96.19,0.96
111,Entry long,2025-05-26 00:00,L,1.13983,8857.24,10095.74787,0.44,0.00,18.25,0.18,-26.04,-0.26,96.19,0.96
112,Exit long,2025-06-03 06:00,time,1.14276,8854.29,10096.19272,22.14,0.22,46.22,0.46,-3.28,-0.03,118.33,1.18
112,Entry long,2025-06-02 06:00,L,1.14026,8854.29,10096.19272,22.14,0.22,46.22,0.46,-3.28,-0.03,118.33,1.18
113,Exit long,2025-06-05 14:00,time,1.14567,8849.41,10118.3269,20.18,0.20,54.16,0.54,-25.93,-0.26,138.51,1.39
113,Entry long,2025-06-04 14:00,L,1.14339,8849.41,10118.3269,20.18,0.20,54.16,0.54,-25.93,-0.26,138.51,1.39
114,Exit long,2025-06-12 10:00,X,1.15988,8817.01,10138.50346,88.17,0.87,88.17,0.87,-17.28,-0.17,226.68,2.27
114,Entry long,2025-06-11 17:00,L,1.14988,8817.01,10138.50346,88.17,0.87,88.17,0.87,-17.28,-0.17,226.68,2.27
115,Exit long,2025-06-13 00:00,X,1.15429,8820.51,10226.6757,-45.25,-0.44,33.25,0.33,-45.25,-0.44,181.43,1.81
115,Entry long,2025-06-12 10:00,L,1.15942,8820.51,10226.6757,-45.25,-0.44,33.25,0.33,-45.25,-0.44,181.43,1.81
116,Exit long,2025-06-17 06:00,time,1.1561,8796.04,10181.4163,-12.31,-0.12,35.01,0.34,-27.97,-0.27,169.11,1.69
116,Entry long,2025-06-16 06:00,L,1.1575,8796.04,10181.4163,-12.31,-0.12,35.01,0.34,-27.97,-0.27,169.11,1.69
117,Exit long,2025-06-22 21:00,X,1.14557,8832.64,10169.10676,-50.7,-0.50,27.29,0.27,-50.7,-0.50,118.41,1.18
117,Entry long,2025-06-19 23:00,L,1.15131,8832.64,10169.10676,-50.7,-0.50,27.29,0.27,-50.7,-0.50,118.41,1.18
118,Exit long,2025-06-24 17:00,time,1.16248,8744.93,10118.40871,47.4,0.47,62.18,0.61,-3.85,-0.04,165.81,1.66
118,Entry long,2025-06-23 17:00,L,1.15706,8744.93,10118.40871,47.4,0.47,62.18,0.61,-3.85,-0.04,165.81,1.66
119,Exit long,2025-06-26 18:00,time,1.17193,8716.74,10165.81086,49.6,0.49,72.26,0.71,-9.68,-0.10,215.41,2.15
119,Entry long,2025-06-25 18:00,L,1.16624,8716.74,10165.81086,49.6,0.49,72.26,0.71,-9.68,-0.10,215.41,2.15
120,Exit long,2025-07-01 15:00,time,1.17745,8678.3,10215.4005,2.86,0.03,50.94,0.50,-19.44,-0.19,218.27,2.18
120,Entry long,2025-06-30 15:00,L,1.17712,8678.3,10215.4005,2.86,0.03,50.94,0.50,-19.44,-0.19,218.27,2.18
121,Exit long,2025-07-21 08:00,time,1.16409,8780.99,10218.26244,3.6,0.04,31.08,0.30,-19.41,-0.19,221.87,2.22
121,Entry long,2025-07-18 08:00,L,1.16368,8780.99,10218.26244,3.6,0.04,31.08,0.30,-19.41,-0.19,221.87,2.22
122,Exit long,2025-07-22 14:00,time,1.17209,8738.21,10221.87068,20.1,0.20,25.17,0.25,-16.69,-0.16,241.97,2.42
122,Entry long,2025-07-21 14:00,L,1.16979,8738.21,10221.87068,20.1,0.20,25.17,0.25,-16.69,-0.16,241.97,2.42
123,Exit long,2025-07-23 15:00,time,1.17455,8717.09,10241.97055,-3.31,-0.03,10.02,0.10,-33.39,-0.33,238.66,2.39
123,Entry long,2025-07-22 15:00,L,1.17493,8717.09,10241.97055,-3.31,-0.03,10.02,0.10,-33.39,-0.33,238.66,2.39
124,Exit long,2025-08-04 12:00,time,1.1574,8867.17,10238.65518,24.21,0.24,44.69,0.44,-26.78,-0.26,262.87,2.63
124,Entry long,2025-08-01 12:00,L,1.15467,8867.17,10238.65518,24.21,0.24,44.69,0.44,-26.78,-0.26,262.87,2.63
125,Exit long,2025-08-07 10:00,time,1.1669,8840.89,10262.85875,53.58,0.52,79.92,0.78,-9.46,-0.09,316.44,3.16
125,Entry long,2025-08-06 10:00,L,1.16084,8840.89,10262.85875,53.58,0.52,79.92,0.78,-9.46,-0.09,316.44,3.16
126,Exit long,2025-08-13 15:00,time,1.17124,8837.56,10316.43729,34.47,0.33,50.29,0.49,-7.78,-0.08,350.91,3.51
126,Entry long,2025-08-12 15:00,L,1.16734,8837.56,10316.43729,34.47,0.33,50.29,0.49,-7.78,-0.08,350.91,3.51
127,Exit long,2025-08-18 09:00,time,1.16791,8855.25,10350.90172,-8.77,-0.08,24.09,0.23,-15.94,-0.15,342.14,3.42
127,Entry long,2025-08-15 09:00,L,1.1689,8855.25,10350.90172,-8.77,-0.08,24.09,0.23,-15.94,-0.15,342.14,3.42
128,Exit long,2025-08-25 14:00,time,1.16888,8824.72,10342.1306,-27.09,-0.26,20.56,0.20,-30.18,-0.29,315.05,3.15
128,Entry long,2025-08-22 14:00,L,1.17195,8824.72,10342.1306,-27.09,-0.26,20.56,0.20,-30.18,-0.29,315.05,3.15
129,Exit long,2025-08-29 10:00,time,1.16664,8836.74,10315.03823,-5.74,-0.06,21.74,0.21,-14.85,-0.14,309.31,3.09
129,Entry long,2025-08-28 10:00,L,1.16729,8836.74,10315.03823,-5.74,-0.06,21.74,0.21,-14.85,-0.14,309.31,3.09
130,Exit long,2025-09-02 02:00,time,1.16972,8801.44,10309.3027,-14.08,-0.14,20.51,0.20,-18.48,-0.18,295.22,2.95
130,Entry long,2025-09-01 02:00,L,1.17132,8801.44,10309.3027,-14.08,-0.14,20.51,0.20,-18.48,-0.18,295.22,2.95
131,Exit long,2025-09-08 08:00,time,1.17301,8810.85,10295.2139,40,0.39,65.99,0.64,-5.99,-0.06,335.22,3.35
131,Entry long,2025-09-05 08:00,L,1.16847,8810.85,10295.2139,40,0.39,65.99,0.64,-5.99,-0.06,335.22,3.35
132,Exit long,2025-09-09 17:00,X,1.17112,8786.58,10335.21472,-45.08,-0.44,15.46,0.15,-45.08,-0.44,290.15,2.90
132,Entry long,2025-09-08 18:00,L,1.17625,8786.58,10335.21472,-45.08,-0.44,15.46,0.15,-45.08,-0.44,290.15,2.90
133,Exit long,2025-09-16 09:00,time,1.18128,8759.36,10290.14575,57.11,0.56,61.84,0.60,-1.14,-0.01,347.26,3.47
133,Entry long,2025-09-15 09:00,L,1.17476,8759.36,10290.14575,57.11,0.56,61.84,0.60,-1.14,-0.01,347.26,3.47
134,Exit long,2025-09-17 13:00,time,1.18487,8750.17,10347.25103,20.56,0.20,46.55,0.45,-3.5,-0.03,367.82,3.68
134,Entry long,2025-09-16 13:00,L,1.18252,8750.17,10347.25103,20.56,0.20,46.55,0.45,-3.5,-0.03,367.82,3.68
135,Exit long,2025-09-23 16:00,time,1.18037,8794.11,10367.81598,12.49,0.12,26.82,0.26,-9.23,-0.09,380.31,3.80
135,Entry long,2025-09-22 16:00,L,1.17895,8794.11,10367.81598,12.49,0.12,26.82,0.26,-9.23,-0.09,380.31,3.80
136,Exit long,2025-09-30 00:00,time,1.17195,8854.72,10380.29971,-3.01,-0.03,28.07,0.27,-13.19,-0.13,377.3,3.77
136,Entry long,2025-09-29 00:00,L,1.17229,8854.72,10380.29971,-3.01,-0.03,28.07,0.27,-13.19,-0.13,377.3,3.77
137,Exit long,2025-10-13 12:00,X,1.15627,8935.16,10377.29482,-45.84,-0.44,14.21,0.14,-45.84,-0.44,331.46,3.31
137,Entry long,2025-10-10 15:00,L,1.1614,8935.16,10377.29482,-45.84,-0.44,14.21,0.14,-45.84,-0.44,331.46,3.31
138,Exit long,2025-10-16 02:00,time,1.16649,8887.81,10331.45698,36.08,0.35,45.42,0.44,-12.35,-0.12,367.55,3.68
138,Entry long,2025-10-15 02:00,L,1.16243,8887.81,10331.45698,36.08,0.35,45.42,0.44,-12.35,-0.12,367.55,3.68
139,Exit long,2025-10-17 14:00,time,1.16656,8877.54,10367.54631,-11.36,-0.11,44.48,0.43,-19.26,-0.19,356.18,3.56
139,Entry long,2025-10-16 14:00,L,1.16784,8877.54,10367.54631,-11.36,-0.11,44.48,0.43,-19.26,-0.19,356.18,3.56
140,Exit long,2025-12-17 04:00,X,1.17278,8791.99,10356.17294,-45.1,-0.44,22.07,0.21,-45.1,-0.44,311.08,3.11
140,Entry long,2025-12-16 12:00,L,1.17791,8791.99,10356.17294,-45.1,-0.44,22.07,0.21,-45.1,-0.44,311.08,3.11
141,Exit long,2025-12-23 13:00,time,1.17735,8773.96,10311.07005,18.95,0.18,44.13,0.43,-5.97,-0.06,330.03,3.30
141,Entry long,2025-12-22 13:00,L,1.17519,8773.96,10311.07005,18.95,0.18,44.13,0.43,-5.97,-0.06,330.03,3.30
142,Exit long,2026-01-06 15:00,X,1.16874,8799.98,10330.03252,-45.14,-0.44,3.7,0.04,-45.14,-0.44,284.89,2.85
142,Entry long,2026-01-06 02:00,L,1.17387,8799.98,10330.03252,-45.14,-0.44,3.7,0.04,-45.14,-0.44,284.89,2.85
143,Exit long,2026-01-13 07:00,time,1.16629,8800.8,10284.8789,-20.59,-0.20,10.74,0.10,-28.6,-0.28,264.3,2.64
143,Entry long,2026-01-12 07:00,L,1.16863,8800.8,10284.8789,-20.59,-0.20,10.74,0.10,-28.6,-0.28,264.3,2.64
144,Exit long,2026-01-20 13:00,X,1.17579,8804.58,10264.29132,88.05,0.86,88.05,0.86,-1.58,-0.02,352.34,3.52
144,Entry long,2026-01-20 03:00,L,1.16579,8804.58,10264.29132,88.05,0.86,88.05,0.86,-1.58,-0.02,352.34,3.52
145,Exit long,2026-01-23 15:00,time,1.17569,8821.53,10352.3301,19.05,0.18,23.2,0.22,-6.88,-0.07,371.4,3.71
145,Entry long,2026-01-22 15:00,L,1.17353,8821.53,10352.3301,19.05,0.18,23.2,0.22,-6.88,-0.07,371.4,3.71
146,Exit long,2026-01-25 23:00,X,1.18957,8792.52,10371.39282,87.93,0.85,87.93,0.85,-16.27,-0.16,459.32,4.59
146,Entry long,2026-01-23 17:00,L,1.17957,8792.52,10371.39282,87.93,0.85,87.93,0.85,-16.27,-0.16,459.32,4.59
147,Exit long,2026-01-27 20:00,X,1.20452,8756.08,10459.31268,87.56,0.84,87.56,0.84,-1.23,-0.01,546.88,5.47
147,Entry long,2026-01-27 14:00,L,1.19452,8756.08,10459.31268,87.56,0.84,87.56,0.84,-1.23,-0.01,546.88,5.47
148,Exit long,2026-01-28 05:00,X,1.19795,8766.56,10546.873,-44.97,-0.43,16.83,0.16,-44.97,-0.43,501.91,5.02
148,Entry long,2026-01-27 20:00,L,1.20308,8766.56,10546.873,-44.97,-0.43,16.83,0.16,-44.97,-0.43,501.91,5.02
149,Exit long,2026-02-09 14:00,time,1.19171,8883.06,10501.90885,84.12,0.80,85.37,0.81,-15.28,-0.15,586.03,5.86
149,Entry long,2026-02-06 14:00,L,1.18224,8883.06,10501.90885,84.12,0.80,85.37,0.81,-15.28,-0.15,586.03,5.86
150,Exit long,2026-02-23 11:00,X,1.17834,8944.9,10586.0208,-45.89,-0.43,0,0.00,-45.89,-0.43,540.14,5.40
150,Entry long,2026-02-22 23:00,L,1.18347,8944.9,10586.0208,-45.89,-0.43,0,0.00,-45.89,-0.43,540.14,5.40
151,Exit long,2026-03-05 08:00,X,1.15844,9058.45,10540.14067,-46.47,-0.44,17.39,0.17,-46.47,-0.44,493.67,4.94
151,Entry long,2026-03-04 10:00,L,1.16357,9058.45,10540.14067,-46.47,-0.44,17.39,0.17,-46.47,-0.44,493.67,4.94
152,Exit long,2026-04-21 15:00,X,1.17405,8899.12,10493.66432,-45.65,-0.44,0,0.00,-45.65,-0.44,448.02,4.48
152,Entry long,2026-04-20 22:00,L,1.17918,8899.12,10493.66432,-45.65,-0.44,0,0.00,-45.65,-0.44,448.02,4.48
153,Exit long,2026-04-28 01:00,time,1.17115,8910.36,10448.02083,-12.65,-0.12,26.11,0.25,-12.65,-0.12,435.37,4.35
153,Entry long,2026-04-27 01:00,L,1.17257,8910.36,10448.02083,-12.65,-0.12,26.11,0.25,-12.65,-0.12,435.37,4.35
154,Exit long,2026-05-01 14:00,time,1.17661,8896.99,10435.36854,32.92,0.32,49.91,0.48,-9.16,-0.09,468.29,4.68
154,Entry long,2026-04-30 14:00,L,1.17291,8896.99,10435.36854,32.92,0.32,49.91,0.48,-9.16,-0.09,468.29,4.68
155,Exit long,2026-05-06 23:00,time,1.17467,8934.96,10468.28849,27.34,0.26,72.02,0.69,-4.38,-0.04,495.63,4.96
155,Entry long,2026-05-05 23:00,L,1.17161,8934.96,10468.28849,27.34,0.26,72.02,0.69,-4.38,-0.04,495.63,4.96