combo_key,variant,params_json,status,n_primary_folds,median_oos_pf,worst_fold_oos_pf,median_oos_sharpe,max_oos_dd_pct,max_is_to_oos_sharpe_degradation_pct,total_oos_trades,min_fold_oos_trades,folds_with_oos_pf_gt_1,max_per_pair_net_profit_share,net_profit_share_json,control_catastrophic,control_folds_below_bar_json,raw_p,bonferroni_p,n_tested,survives_raw,survives_bonferroni,verdict,gate_reason,downgrade_reasons,posterior_pf_p05,posterior_pf_p50,posterior_pf_p95,posterior_pf_prob_gt_1
"V0|atr_stop_mult=1.5,ema_fast=13,ema_slow=34,rsi_length=10",V0,"{""atr_stop_mult"": 1.5, ""ema_fast"": 13, ""ema_slow"": 34, ""rsi_length"": 10}",OK,5,7.184731,0.829581,1.226215,2.132235,100.000000,138,13,4,0.732960,"{""EURUSD"": 0.1424148883434577, ""GBPUSD"": 0.12462495492607797, ""XAUUSD"": 0.7329601567304643}",false,"{""USDJPY"": 1}",0.080108,1.000000,123,false,false,BLOCKED,portfolio.max_is_to_oos_sharpe_degradation_pct=100.0% > 30%; portfolio.max_per_pair_net_profit_share=73.3% (worst: XAUUSD) > 40%,,0.261977,4.203634,67.450788,0.823233
"V0|atr_stop_mult=1.5,ema_fast=13,ema_slow=34,rsi_length=14",V0,"{""atr_stop_mult"": 1.5, ""ema_fast"": 13, ""ema_slow"": 34, ""rsi_length"": 14}",OK,5,1.709823,0.357582,-1.522935,2.027346,3753.744458,113,10,3,0.609920,"{""EURUSD"": 0.16168675143555733, ""GBPUSD"": 0.2283928631578313, ""XAUUSD"": 0.6099203854066114}",false,"{""USDJPY"": 1}",0.377764,1.000000,123,false,false,BLOCKED,portfolio.median_oos_sharpe=-1.523 < 0.70; portfolio.max_is_to_oos_sharpe_degradation_pct=3753.7% > 30%; portfolio.max_per_pair_net_profit_share=61.0% (worst: XAUUSD) > 40%,,0.076879,2.296684,68.610918,0.674418
"V0|atr_stop_mult=1.5,ema_fast=13,ema_slow=34,rsi_length=21",V0,"{""atr_stop_mult"": 1.5, ""ema_fast"": 13, ""ema_slow"": 34, ""rsi_length"": 21}",OK,5,3.679614,1.046576,-0.524737,1.060895,260247.124994,59,4,5,0.692871,"{""EURUSD"": 0.14948941502598606, ""GBPUSD"": 0.15763916652368842, ""XAUUSD"": 0.6928714184503255}",false,"{""USDJPY"": 0}",0.815107,1.000000,123,false,false,BLOCKED,portfolio.min_fold_oos_trades=4 < 5; portfolio.median_oos_sharpe=-0.525 < 0.70; portfolio.max_is_to_oos_sharpe_degradation_pct=260247.1% > 30%; portfolio.max_per_pair_net_profit_share=69.3% (worst: XAUUSD) > 40%,,0.393488,3.309122,27.828760,0.841643
"V0|atr_stop_mult=1.5,ema_fast=13,ema_slow=55,rsi_length=10",V0,"{""atr_stop_mult"": 1.5, ""ema_fast"": 13, ""ema_slow"": 55, ""rsi_length"": 10}",OK,5,7.033926,0.245153,1.118146,2.430722,5924.721481,162,13,4,0.711724,"{""EURUSD"": 0.15320568725718722, ""GBPUSD"": 0.1350706043131943, ""XAUUSD"": 0.7117237084296185}",false,"{""USDJPY"": 1}",0.157765,1.000000,123,false,false,BLOCKED,portfolio.max_is_to_oos_sharpe_degradation_pct=5924.7% > 30%; portfolio.max_per_pair_net_profit_share=71.2% (worst: XAUUSD) > 40%,,0.103383,3.209936,99.665620,0.733014
"V0|atr_stop_mult=1.5,ema_fast=13,ema_slow=55,rsi_length=14",V0,"{""atr_stop_mult"": 1.5, ""ema_fast"": 13, ""ema_slow"": 55, ""rsi_length"": 14}",OK,5,9.229658,0.024976,1.769173,2.535159,1252.240778,132,10,3,0.671809,"{""EURUSD"": 0.1562584691556118, ""GBPUSD"": 0.1719328914066545, ""XAUUSD"": 0.6718086394377336}",false,"{""USDJPY"": 2}",0.521546,1.000000,123,false,false,BLOCKED,portfolio.max_is_to_oos_sharpe_degradation_pct=1252.2% > 30%; portfolio.max_per_pair_net_profit_share=67.2% (worst: XAUUSD) > 40%,,0.014569,1.864588,238.636930,0.594362
"V0|atr_stop_mult=1.5,ema_fast=13,ema_slow=55,rsi_length=21",V0,"{""atr_stop_mult"": 1.5, ""ema_fast"": 13, ""ema_slow"": 55, ""rsi_length"": 21}",OK,5,8.596107,0.000000,2.036369,1.861179,1655.336391,90,5,3,0.685688,"{""EURUSD"": 0.12865905733063737, ""GBPUSD"": 0.18565252753014314, ""XAUUSD"": 0.6856884151392194}",false,"{""USDJPY"": 2}",0.444243,1.000000,123,false,false,BLOCKED,portfolio.max_is_to_oos_sharpe_degradation_pct=1655.3% > 30%; portfolio.max_per_pair_net_profit_share=68.6% (worst: XAUUSD) > 40%,,0.238555,4.165723,72.743203,0.819556
"V0|atr_stop_mult=1.5,ema_fast=13,ema_slow=89,rsi_length=10",V0,"{""atr_stop_mult"": 1.5, ""ema_fast"": 13, ""ema_slow"": 89, ""rsi_length"": 10}",OK,5,7.018839,0.026025,1.018990,2.433701,100.000000,183,18,4,0.712124,"{""EURUSD"": 0.1375248689957297, ""GBPUSD"": 0.15035144212528542, ""XAUUSD"": 0.7121236888789848}",false,"{""USDJPY"": 1}",0.206488,1.000000,123,false,false,BLOCKED,portfolio.max_is_to_oos_sharpe_degradation_pct=100.0% > 30%; portfolio.max_per_pair_net_profit_share=71.2% (worst: XAUUSD) > 40%,,0.031478,2.538762,204.756090,0.652806
"V0|atr_stop_mult=1.5,ema_fast=13,ema_slow=89,rsi_length=14",V0,"{""atr_stop_mult"": 1.5, ""ema_fast"": 13, ""ema_slow"": 89, ""rsi_length"": 14}",OK,5,9.303606,0.100421,1.152362,2.761826,6752.736792,153,14,3,0.703299,"{""EURUSD"": 0.13976634518583436, ""GBPUSD"": 0.15693485315864256, ""XAUUSD"": 0.7032988016555232}",false,"{""USDJPY"": 1}",0.512115,1.000000,123,false,false,BLOCKED,portfolio.max_is_to_oos_sharpe_degradation_pct=6752.7% > 30%; portfolio.max_per_pair_net_profit_share=70.3% (worst: XAUUSD) > 40%,,0.044118,2.416990,132.415481,0.658330
"V0|atr_stop_mult=1.5,ema_fast=13,ema_slow=89,rsi_length=21",V0,"{""atr_stop_mult"": 1.5, ""ema_fast"": 13, ""ema_slow"": 89, ""rsi_length"": 21}",OK,5,7.243475,0.000000,1.275493,3.093751,3866.184827,109,9,3,0.739063,"{""EURUSD"": 0.12223178613844807, ""GBPUSD"": 0.13870562702240707, ""XAUUSD"": 0.7390625868391448}",false,"{""USDJPY"": 0}",0.429108,1.000000,123,false,false,BLOCKED,portfolio.max_is_to_oos_sharpe_degradation_pct=3866.2% > 30%; portfolio.max_per_pair_net_profit_share=73.9% (worst: XAUUSD) > 40%,,0.083528,3.800855,172.954278,0.743781
"V0|atr_stop_mult=1.5,ema_fast=21,ema_slow=34,rsi_length=10",V0,"{""atr_stop_mult"": 1.5, ""ema_fast"": 21, ""ema_slow"": 34, ""rsi_length"": 10}",OK,5,7.261740,3.216390,1.077755,1.386207,100.000000,137,13,5,0.701933,"{""EURUSD"": 0.1976356775697991, ""GBPUSD"": 0.10043158157703663, ""XAUUSD"": 0.7019327408531643}",false,"{""USDJPY"": 1}",0.315481,1.000000,123,false,false,BLOCKED,portfolio.max_is_to_oos_sharpe_degradation_pct=100.0% > 30%; portfolio.max_per_pair_net_profit_share=70.2% (worst: XAUUSD) > 40%,,0.613791,5.638773,51.802233,0.909788
"V0|atr_stop_mult=1.5,ema_fast=21,ema_slow=34,rsi_length=14",V0,"{""atr_stop_mult"": 1.5, ""ema_fast"": 21, ""ema_slow"": 34, ""rsi_length"": 14}",OK,5,2.600204,1.029848,-0.861288,1.915559,2171.186849,121,10,5,0.685046,"{""EURUSD"": 0.13149020799197358, ""GBPUSD"": 0.18346423352448335, ""XAUUSD"": 0.685045558483543}",false,"{""USDJPY"": 1}",0.747231,1.000000,123,false,false,BLOCKED,portfolio.median_oos_sharpe=-0.861 < 0.70; portfolio.max_is_to_oos_sharpe_degradation_pct=2171.2% > 30%; portfolio.max_per_pair_net_profit_share=68.5% (worst: XAUUSD) > 40%,,0.328284,3.081605,28.927070,0.816761
"V0|atr_stop_mult=1.5,ema_fast=21,ema_slow=34,rsi_length=21",V0,"{""atr_stop_mult"": 1.5, ""ema_fast"": 21, ""ema_slow"": 34, ""rsi_length"": 21}",OK,5,11.327074,0.387869,3.001737,1.698628,12153.482128,77,5,4,0.627326,"{""EURUSD"": 0.1263408801924163, ""GBPUSD"": 0.24633328497558368, ""XAUUSD"": 0.6273258348320001}",false,"{""USDJPY"": 1}",0.216494,1.000000,123,false,false,BLOCKED,portfolio.max_is_to_oos_sharpe_degradation_pct=12153.5% > 30%; portfolio.max_per_pair_net_profit_share=62.7% (worst: XAUUSD) > 40%,,0.191190,4.669992,114.068692,0.807570
"V0|atr_stop_mult=1.5,ema_fast=21,ema_slow=55,rsi_length=10",V0,"{""atr_stop_mult"": 1.5, ""ema_fast"": 21, ""ema_slow"": 55, ""rsi_length"": 10}",OK,5,8.273011,1.807870,1.096955,2.267646,721.034962,167,18,5,0.685678,"{""EURUSD"": 0.1895248677126903, ""GBPUSD"": 0.12479747873962374, ""XAUUSD"": 0.685677653547686}",false,"{""USDJPY"": 1}",0.214990,1.000000,123,false,false,BLOCKED,portfolio.max_is_to_oos_sharpe_degradation_pct=721.0% > 30%; portfolio.max_per_pair_net_profit_share=68.6% (worst: XAUUSD) > 40%,,0.567919,4.907813,42.412098,0.899135
"V0|atr_stop_mult=1.5,ema_fast=21,ema_slow=55,rsi_length=14",V0,"{""atr_stop_mult"": 1.5, ""ema_fast"": 21, ""ema_slow"": 55, ""rsi_length"": 14}",OK,5,9.450448,0.320772,-0.257943,3.276256,524.405601,147,14,3,0.754246,"{""EURUSD"": 0.09666183865741622, ""GBPUSD"": 0.14909242030530231, ""XAUUSD"": 0.7542457410372815}",false,"{""USDJPY"": 2}",0.732742,1.000000,123,false,false,BLOCKED,portfolio.median_oos_sharpe=-0.258 < 0.70; portfolio.max_is_to_oos_sharpe_degradation_pct=524.4% > 30%; portfolio.max_per_pair_net_profit_share=75.4% (worst: XAUUSD) > 40%,,0.108659,2.825776,73.486710,0.720820
"V0|atr_stop_mult=1.5,ema_fast=21,ema_slow=55,rsi_length=21",V0,"{""atr_stop_mult"": 1.5, ""ema_fast"": 21, ""ema_slow"": 55, ""rsi_length"": 21}",OK,5,6.151695,1.251653,0.172146,2.213442,11667.169503,106,9,5,0.691471,"{""EURUSD"": 0.12121312294120455, ""GBPUSD"": 0.18731590662532951, ""XAUUSD"": 0.691470970433466}",false,"{""USDJPY"": 2}",0.410777,1.000000,123,false,false,BLOCKED,portfolio.median_oos_sharpe=0.172 < 0.70; portfolio.max_is_to_oos_sharpe_degradation_pct=11667.2% > 30%; portfolio.max_per_pair_net_profit_share=69.1% (worst: XAUUSD) > 40%,,0.394434,3.777380,36.174857,0.851718
"V0|atr_stop_mult=1.5,ema_fast=21,ema_slow=89,rsi_length=10",V0,"{""atr_stop_mult"": 1.5, ""ema_fast"": 21, ""ema_slow"": 89, ""rsi_length"": 10}",OK,5,5.920739,2.367082,-0.465620,2.942040,1182.597473,179,18,5,0.712590,"{""EURUSD"": 0.1786971005733997, ""GBPUSD"": 0.10871300558108397, ""XAUUSD"": 0.7125898938455163}",false,"{""USDJPY"": 1}",0.418352,1.000000,123,false,false,BLOCKED,portfolio.median_oos_sharpe=-0.466 < 0.70; portfolio.max_is_to_oos_sharpe_degradation_pct=1182.6% > 30%; portfolio.max_per_pair_net_profit_share=71.3% (worst: XAUUSD) > 40%,,0.635673,4.847574,36.967076,0.909085
"V0|atr_stop_mult=1.5,ema_fast=21,ema_slow=89,rsi_length=14",V0,"{""atr_stop_mult"": 1.5, ""ema_fast"": 21, ""ema_slow"": 89, ""rsi_length"": 14}",OK,5,6.724325,0.320664,-0.410310,3.012998,887.491823,156,14,4,0.756255,"{""EURUSD"": 0.10279452647344207, ""GBPUSD"": 0.1409506918128709, ""XAUUSD"": 0.7562547817136871}",false,"{""USDJPY"": 1}",0.817528,1.000000,123,false,false,BLOCKED,portfolio.median_oos_sharpe=-0.410 < 0.70; portfolio.max_is_to_oos_sharpe_degradation_pct=887.5% > 30%; portfolio.max_per_pair_net_profit_share=75.6% (worst: XAUUSD) > 40%,,0.144615,3.158583,68.987748,0.752049
"V0|atr_stop_mult=1.5,ema_fast=21,ema_slow=89,rsi_length=21",V0,"{""atr_stop_mult"": 1.5, ""ema_fast"": 21, ""ema_slow"": 89, ""rsi_length"": 21}",OK,5,6.151695,1.014915,0.172146,2.954820,6476.991953,116,9,5,0.691163,"{""EURUSD"": 0.11700836008915037, ""GBPUSD"": 0.19182838830166213, ""XAUUSD"": 0.6911632516091876}",false,"{""USDJPY"": 1}",0.475404,1.000000,123,false,false,BLOCKED,portfolio.median_oos_sharpe=0.172 < 0.70; portfolio.max_is_to_oos_sharpe_degradation_pct=6477.0% > 30%; portfolio.max_per_pair_net_profit_share=69.1% (worst: XAUUSD) > 40%,,0.347326,3.738011,40.229382,0.838844
"V0|atr_stop_mult=2.5,ema_fast=13,ema_slow=34,rsi_length=10",V0,"{""atr_stop_mult"": 2.5, ""ema_fast"": 13, ""ema_slow"": 34, ""rsi_length"": 10}",OK,5,4.745210,1.030660,0.852184,1.502788,100.000000,138,13,5,0.680987,"{""EURUSD"": 0.15275785044369905, ""GBPUSD"": 0.16625525687254847, ""XAUUSD"": 0.6809868926837526}",false,"{""USDJPY"": 1}",0.066799,1.000000,123,false,false,BLOCKED,portfolio.max_is_to_oos_sharpe_degradation_pct=100.0% > 30%; portfolio.max_per_pair_net_profit_share=68.1% (worst: XAUUSD) > 40%,,0.305035,4.199683,57.820724,0.835734
"V0|atr_stop_mult=2.5,ema_fast=13,ema_slow=34,rsi_length=14",V0,"{""atr_stop_mult"": 2.5, ""ema_fast"": 13, ""ema_slow"": 34, ""rsi_length"": 14}",OK,5,1.135566,0.076198,-1.164075,1.508403,99526.824913,113,10,3,0.628840,"{""EURUSD"": 0.1425738311958511, ""GBPUSD"": 0.22858597168196157, ""XAUUSD"": 0.6288401971221873}",false,"{""USDJPY"": 1}",0.392199,1.000000,123,false,false,BLOCKED,portfolio.median_oos_pf=1.136 < 1.30; portfolio.median_oos_sharpe=-1.164 < 0.70; portfolio.max_is_to_oos_sharpe_degradation_pct=99526.8% > 30%; portfolio.max_per_pair_net_profit_share=62.9% (worst: XAUUSD) > 40%,,0.015860,1.369611,118.277551,0.552275
"V0|atr_stop_mult=2.5,ema_fast=13,ema_slow=34,rsi_length=21",V0,"{""atr_stop_mult"": 2.5, ""ema_fast"": 13, ""ema_slow"": 34, ""rsi_length"": 21}",OK,5,3.023290,0.877310,-0.524737,0.614770,627.852775,59,4,4,0.696283,"{""EURUSD"": 0.1518234844809421, ""GBPUSD"": 0.15189340712715116, ""XAUUSD"": 0.6962831083919068}",false,"{""USDJPY"": 0}",0.814547,1.000000,123,false,false,BLOCKED,portfolio.min_fold_oos_trades=4 < 5; portfolio.median_oos_sharpe=-0.525 < 0.70; portfolio.max_is_to_oos_sharpe_degradation_pct=627.9% > 30%; portfolio.max_per_pair_net_profit_share=69.6% (worst: XAUUSD) > 40%,,0.349243,3.197977,29.283468,0.826478
"V0|atr_stop_mult=2.5,ema_fast=13,ema_slow=55,rsi_length=10",V0,"{""atr_stop_mult"": 2.5, ""ema_fast"": 13, ""ema_slow"": 55, ""rsi_length"": 10}",OK,5,7.139348,0.023460,1.164007,1.580455,100.000000,162,13,4,0.743249,"{""EURUSD"": 0.15086882192075443, ""GBPUSD"": 0.10588261490436789, ""XAUUSD"": 0.7432485631748778}",false,"{""USDJPY"": 1}",0.140487,1.000000,123,false,false,BLOCKED,portfolio.max_is_to_oos_sharpe_degradation_pct=100.0% > 30%; portfolio.max_per_pair_net_profit_share=74.3% (worst: XAUUSD) > 40%,,0.031268,2.533090,205.213830,0.652317
"V0|atr_stop_mult=2.5,ema_fast=13,ema_slow=55,rsi_length=14",V0,"{""atr_stop_mult"": 2.5, ""ema_fast"": 13, ""ema_slow"": 55, ""rsi_length"": 14}",OK,5,8.252380,0.010531,1.573667,1.542190,1476.383756,132,10,3,0.672248,"{""EURUSD"": 0.1539706402564029, ""GBPUSD"": 0.1737810025031062, ""XAUUSD"": 0.6722483572404909}",false,"{""USDJPY"": 2}",0.464304,1.000000,123,false,false,BLOCKED,portfolio.max_is_to_oos_sharpe_degradation_pct=1476.4% > 30%; portfolio.max_per_pair_net_profit_share=67.2% (worst: XAUUSD) > 40%,,0.014029,1.801982,231.464963,0.589237
"V0|atr_stop_mult=2.5,ema_fast=13,ema_slow=55,rsi_length=21",V0,"{""atr_stop_mult"": 2.5, ""ema_fast"": 13, ""ema_slow"": 55, ""rsi_length"": 21}",OK,5,8.696332,0.000000,2.098960,1.071263,2349.874898,90,5,3,0.686981,"{""EURUSD"": 0.1273325461672451, ""GBPUSD"": 0.18568654181742344, ""XAUUSD"": 0.6869809120153315}",false,"{""USDJPY"": 2}",0.385340,1.000000,123,false,false,BLOCKED,portfolio.max_is_to_oos_sharpe_degradation_pct=2349.9% > 30%; portfolio.max_per_pair_net_profit_share=68.7% (worst: XAUUSD) > 40%,,0.215313,4.113567,78.589809,0.810811
"V0|atr_stop_mult=2.5,ema_fast=13,ema_slow=89,rsi_length=10",V0,"{""atr_stop_mult"": 2.5, ""ema_fast"": 13, ""ema_slow"": 89, ""rsi_length"": 10}",OK,5,7.124684,0.169873,1.064851,1.419331,100.000000,183,18,4,0.724310,"{""EURUSD"": 0.1392690311433641, ""GBPUSD"": 0.1364209111133009, ""XAUUSD"": 0.7243100577433349}",false,"{""USDJPY"": 1}",0.180533,1.000000,123,false,false,BLOCKED,portfolio.max_is_to_oos_sharpe_degradation_pct=100.0% > 30%; portfolio.max_per_pair_net_profit_share=72.4% (worst: XAUUSD) > 40%,,0.084560,3.150889,117.409411,0.719866
"V0|atr_stop_mult=2.5,ema_fast=13,ema_slow=89,rsi_length=14",V0,"{""atr_stop_mult"": 2.5, ""ema_fast"": 13, ""ema_slow"": 89, ""rsi_length"": 14}",OK,5,8.272818,0.128057,0.954033,1.714199,26605.486659,153,14,3,0.690989,"{""EURUSD"": 0.14623194103384743, ""GBPUSD"": 0.1627793451828274, ""XAUUSD"": 0.6909887137833252}",false,"{""USDJPY"": 1}",0.443698,1.000000,123,false,false,BLOCKED,portfolio.max_is_to_oos_sharpe_degradation_pct=26605.5% > 30%; portfolio.max_per_pair_net_profit_share=69.1% (worst: XAUUSD) > 40%,,0.048231,2.365035,115.971669,0.658796
"V0|atr_stop_mult=2.5,ema_fast=13,ema_slow=89,rsi_length=21",V0,"{""atr_stop_mult"": 2.5, ""ema_fast"": 13, ""ema_slow"": 89, ""rsi_length"": 21}",OK,5,7.495384,0.000000,1.341115,1.679395,4404.566855,108,9,3,0.730720,"{""EURUSD"": 0.12799164566666907, ""GBPUSD"": 0.14128807305248217, ""XAUUSD"": 0.7307202812808488}",false,"{""USDJPY"": 0}",0.435094,1.000000,123,false,false,BLOCKED,portfolio.max_is_to_oos_sharpe_degradation_pct=4404.6% > 30%; portfolio.max_per_pair_net_profit_share=73.1% (worst: XAUUSD) > 40%,,0.096911,3.959412,161.766122,0.755771
"V0|atr_stop_mult=2.5,ema_fast=21,ema_slow=34,rsi_length=10",V0,"{""atr_stop_mult"": 2.5, ""ema_fast"": 21, ""ema_slow"": 34, ""rsi_length"": 10}",OK,5,7.104769,3.422039,0.993569,1.023446,100.000000,137,13,5,0.689102,"{""EURUSD"": 0.188368280581527, ""GBPUSD"": 0.12252935796247517, ""XAUUSD"": 0.6891023614559979}",false,"{""USDJPY"": 1}",0.304275,1.000000,123,false,false,BLOCKED,portfolio.max_is_to_oos_sharpe_degradation_pct=100.0% > 30%; portfolio.max_per_pair_net_profit_share=68.9% (worst: XAUUSD) > 40%,,0.618138,5.843246,55.236134,0.911199
"V0|atr_stop_mult=2.5,ema_fast=21,ema_slow=34,rsi_length=14",V0,"{""atr_stop_mult"": 2.5, ""ema_fast"": 21, ""ema_slow"": 34, ""rsi_length"": 14}",OK,5,2.464132,0.730032,-0.905813,1.243019,847.435661,121,10,4,0.679565,"{""EURUSD"": 0.13211925858805687, ""GBPUSD"": 0.18831568698390688, ""XAUUSD"": 0.6795650544280362}",false,"{""USDJPY"": 1}",0.774478,1.000000,123,false,false,BLOCKED,portfolio.median_oos_sharpe=-0.906 < 0.70; portfolio.max_is_to_oos_sharpe_degradation_pct=847.4% > 30%; portfolio.max_per_pair_net_profit_share=68.0% (worst: XAUUSD) > 40%,,0.247149,2.727777,30.106420,0.776115
"V0|atr_stop_mult=2.5,ema_fast=21,ema_slow=34,rsi_length=21",V0,"{""atr_stop_mult"": 2.5, ""ema_fast"": 21, ""ema_slow"": 34, ""rsi_length"": 21}",OK,5,12.247057,0.387998,3.064974,0.973067,1903.212884,77,5,4,0.635042,"{""EURUSD"": 0.12156928701574574, ""GBPUSD"": 0.2433890585821847, ""XAUUSD"": 0.6350416544020696}",false,"{""USDJPY"": 1}",0.227546,1.000000,123,false,false,BLOCKED,portfolio.max_is_to_oos_sharpe_degradation_pct=1903.2% > 30%; portfolio.max_per_pair_net_profit_share=63.5% (worst: XAUUSD) > 40%,,0.192874,4.819846,120.445887,0.810501
"V0|atr_stop_mult=2.5,ema_fast=21,ema_slow=55,rsi_length=10",V0,"{""atr_stop_mult"": 2.5, ""ema_fast"": 21, ""ema_slow"": 55, ""rsi_length"": 10}",OK,5,7.874561,1.994416,1.151767,1.737048,870.992645,167,18,5,0.687782,"{""EURUSD"": 0.18503750416131476, ""GBPUSD"": 0.12718021529754828, ""XAUUSD"": 0.687782280541137}",false,"{""USDJPY"": 1}",0.144813,1.000000,123,false,false,BLOCKED,portfolio.max_is_to_oos_sharpe_degradation_pct=871.0% > 30%; portfolio.max_per_pair_net_profit_share=68.8% (worst: XAUUSD) > 40%,,0.595921,4.953175,41.169796,0.903784
"V0|atr_stop_mult=2.5,ema_fast=21,ema_slow=55,rsi_length=14",V0,"{""atr_stop_mult"": 2.5, ""ema_fast"": 21, ""ema_slow"": 55, ""rsi_length"": 14}",OK,5,8.402145,0.307371,0.291875,2.126622,559.202841,147,14,3,0.744525,"{""EURUSD"": 0.09816936216653563, ""GBPUSD"": 0.15730519766289167, ""XAUUSD"": 0.7445254401705726}",false,"{""USDJPY"": 2}",0.686993,1.000000,123,false,false,BLOCKED,portfolio.median_oos_sharpe=0.292 < 0.70; portfolio.max_is_to_oos_sharpe_degradation_pct=559.2% > 30%; portfolio.max_per_pair_net_profit_share=74.5% (worst: XAUUSD) > 40%,,0.095837,2.598766,70.469262,0.702873
"V0|atr_stop_mult=2.5,ema_fast=21,ema_slow=55,rsi_length=21",V0,"{""atr_stop_mult"": 2.5, ""ema_fast"": 21, ""ema_slow"": 55, ""rsi_length"": 21}",OK,5,6.545296,1.183767,0.549150,1.393486,12151.756028,106,9,5,0.692428,"{""EURUSD"": 0.11929386570823107, ""GBPUSD"": 0.1882779354972111, ""XAUUSD"": 0.6924281987945579}",false,"{""USDJPY"": 2}",0.294431,1.000000,123,false,false,BLOCKED,portfolio.median_oos_sharpe=0.549 < 0.70; portfolio.max_is_to_oos_sharpe_degradation_pct=12151.8% > 30%; portfolio.max_per_pair_net_profit_share=69.2% (worst: XAUUSD) > 40%,,0.355281,3.677488,38.065424,0.839749
"V0|atr_stop_mult=2.5,ema_fast=21,ema_slow=89,rsi_length=10",V0,"{""atr_stop_mult"": 2.5, ""ema_fast"": 21, ""ema_slow"": 89, ""rsi_length"": 10}",OK,5,7.874561,2.550827,-0.367286,1.727579,1435.025868,179,18,5,0.709357,"{""EURUSD"": 0.17867464908706363, ""GBPUSD"": 0.11196801651456323, ""XAUUSD"": 0.7093573343983731}",false,"{""USDJPY"": 1}",0.310841,1.000000,123,false,false,BLOCKED,portfolio.median_oos_sharpe=-0.367 < 0.70; portfolio.max_is_to_oos_sharpe_degradation_pct=1435.0% > 30%; portfolio.max_per_pair_net_profit_share=70.9% (worst: XAUUSD) > 40%,,0.607827,6.043539,60.090104,0.910581
"V0|atr_stop_mult=2.5,ema_fast=21,ema_slow=89,rsi_length=14",V0,"{""atr_stop_mult"": 2.5, ""ema_fast"": 21, ""ema_slow"": 89, ""rsi_length"": 14}",OK,5,5.996999,0.389637,-0.597388,1.866439,942.726480,156,14,4,0.741469,"{""EURUSD"": 0.10646698074090966, ""GBPUSD"": 0.1520638938824502, ""XAUUSD"": 0.7414691253766401}",false,"{""USDJPY"": 1}",0.798163,1.000000,123,false,false,BLOCKED,portfolio.median_oos_sharpe=-0.597 < 0.70; portfolio.max_is_to_oos_sharpe_degradation_pct=942.7% > 30%; portfolio.max_per_pair_net_profit_share=74.1% (worst: XAUUSD) > 40%,,0.160967,3.160153,62.040981,0.759471
"V0|atr_stop_mult=2.5,ema_fast=21,ema_slow=89,rsi_length=21",V0,"{""atr_stop_mult"": 2.5, ""ema_fast"": 21, ""ema_slow"": 89, ""rsi_length"": 21}",OK,5,6.545296,0.984521,0.549150,1.594868,11395.704408,115,9,4,0.682882,"{""EURUSD"": 0.11598412346741213, ""GBPUSD"": 0.20113360677250744, ""XAUUSD"": 0.6828822697600804}",false,"{""USDJPY"": 1}",0.482533,1.000000,123,false,false,BLOCKED,portfolio.median_oos_sharpe=0.549 < 0.70; portfolio.max_is_to_oos_sharpe_degradation_pct=11395.7% > 30%; portfolio.max_per_pair_net_profit_share=68.3% (worst: XAUUSD) > 40%,,0.360218,3.935642,42.999742,0.845931
"V1|atr_stop_mult=1.5,ema_fast=13,ema_slow=34,rsi_length=10",V1,"{""atr_stop_mult"": 1.5, ""ema_fast"": 13, ""ema_slow"": 34, ""rsi_length"": 10}",OK,5,4.260114,0.939735,0.428510,2.132235,586.288812,245,40,4,0.571871,"{""EURUSD"": 0.2322388392241514, ""GBPUSD"": 0.19588997012368725, ""XAUUSD"": 0.5718711906521613}",false,"{""USDJPY"": 1}",0.089274,1.000000,123,false,false,BLOCKED,portfolio.median_oos_sharpe=0.429 < 0.70; portfolio.max_is_to_oos_sharpe_degradation_pct=586.3% > 30%; portfolio.max_per_pair_net_profit_share=57.2% (worst: XAUUSD) > 40%,,0.343571,3.463515,34.915464,0.831798
"V1|atr_stop_mult=1.5,ema_fast=13,ema_slow=34,rsi_length=14",V1,"{""atr_stop_mult"": 1.5, ""ema_fast"": 13, ""ema_slow"": 34, ""rsi_length"": 14}",OK,5,1.590216,0.455448,0.489375,2.087532,191.864419,202,26,3,0.587906,"{""EURUSD"": 0.06383771450074907, ""GBPUSD"": 0.3482558115358937, ""XAUUSD"": 0.5879064739633572}",false,"{""USDJPY"": 1}",0.196365,1.000000,123,false,false,BLOCKED,portfolio.median_oos_sharpe=0.489 < 0.70; portfolio.max_is_to_oos_sharpe_degradation_pct=191.9% > 30%; portfolio.max_per_pair_net_profit_share=58.8% (worst: XAUUSD) > 40%,,0.186133,1.761702,16.674108,0.679095
"V1|atr_stop_mult=1.5,ema_fast=13,ema_slow=34,rsi_length=21",V1,"{""atr_stop_mult"": 1.5, ""ema_fast"": 13, ""ema_slow"": 34, ""rsi_length"": 21}",OK,5,3.013253,0.526125,-0.694093,1.786957,1359.332000,111,15,3,0.501074,"{""EURUSD"": 0.2321161277240802, ""GBPUSD"": 0.26681018604488854, ""XAUUSD"": 0.5010736862310312}",false,"{""USDJPY"": 1}",0.625256,1.000000,123,false,false,BLOCKED,portfolio.median_oos_sharpe=-0.694 < 0.70; portfolio.max_is_to_oos_sharpe_degradation_pct=1359.3% > 30%; portfolio.max_per_pair_net_profit_share=50.1% (worst: XAUUSD) > 40%,,0.154044,2.107968,28.845773,0.700160
"V1|atr_stop_mult=1.5,ema_fast=13,ema_slow=55,rsi_length=10",V1,"{""atr_stop_mult"": 1.5, ""ema_fast"": 13, ""ema_slow"": 55, ""rsi_length"": 10}",OK,5,15.906811,0.321501,1.539498,2.573673,520.696224,278,50,3,0.695343,"{""EURUSD"": 0.14293750398533192, ""GBPUSD"": 0.1617198097694582, ""XAUUSD"": 0.69534268624521}",false,"{""USDJPY"": 1}",0.165915,1.000000,123,false,false,BLOCKED,portfolio.max_is_to_oos_sharpe_degradation_pct=520.7% > 30%; portfolio.max_per_pair_net_profit_share=69.5% (worst: XAUUSD) > 40%,,0.065861,3.101678,146.072347,0.705633
"V1|atr_stop_mult=1.5,ema_fast=13,ema_slow=55,rsi_length=14",V1,"{""atr_stop_mult"": 1.5, ""ema_fast"": 13, ""ema_slow"": 55, ""rsi_length"": 14}",OK,5,3.552960,0.011132,0.979145,3.088847,1447.968277,230,38,3,0.664516,"{""EURUSD"": 0.09386045008824688, ""GBPUSD"": 0.24162378130558618, ""XAUUSD"": 0.6645157686061669}",false,"{""USDJPY"": 1}",0.333968,1.000000,123,false,false,BLOCKED,portfolio.max_is_to_oos_sharpe_degradation_pct=1448.0% > 30%; portfolio.max_per_pair_net_profit_share=66.5% (worst: XAUUSD) > 40%,,0.021106,1.468588,102.185683,0.566966
"V1|atr_stop_mult=1.5,ema_fast=13,ema_slow=55,rsi_length=21",V1,"{""atr_stop_mult"": 1.5, ""ema_fast"": 13, ""ema_slow"": 55, ""rsi_length"": 21}",OK,5,3.214832,0.000000,-0.885160,2.581369,2249.575943,150,23,4,0.595792,"{""EURUSD"": 0.16963117588848126, ""GBPUSD"": 0.23457665951110138, ""XAUUSD"": 0.5957921646004174}",false,"{""USDJPY"": 1}",0.389402,1.000000,123,false,false,BLOCKED,portfolio.median_oos_sharpe=-0.885 < 0.70; portfolio.max_is_to_oos_sharpe_degradation_pct=2249.6% > 30%; portfolio.max_per_pair_net_profit_share=59.6% (worst: XAUUSD) > 40%,,0.218546,4.274288,83.595719,0.814945
"V1|atr_stop_mult=1.5,ema_fast=13,ema_slow=89,rsi_length=10",V1,"{""atr_stop_mult"": 1.5, ""ema_fast"": 13, ""ema_slow"": 89, ""rsi_length"": 10}",OK,5,4.933703,0.000000,0.287597,3.000973,644.115550,307,57,3,0.630055,"{""EURUSD"": 0.19856814545961032, ""GBPUSD"": 0.1713772778681872, ""XAUUSD"": 0.6300545766722024}",false,"{""USDJPY"": 1}",0.291703,1.000000,123,false,false,BLOCKED,portfolio.median_oos_sharpe=0.288 < 0.70; portfolio.max_is_to_oos_sharpe_degradation_pct=644.1% > 30%; portfolio.max_per_pair_net_profit_share=63.0% (worst: XAUUSD) > 40%,,0.165064,4.188055,106.260369,0.793493
"V1|atr_stop_mult=1.5,ema_fast=13,ema_slow=89,rsi_length=14",V1,"{""atr_stop_mult"": 1.5, ""ema_fast"": 13, ""ema_slow"": 89, ""rsi_length"": 14}",OK,5,5.886513,0.112458,0.057667,3.513888,4555.468737,258,42,3,0.732056,"{""EURUSD"": 0.04425248744205595, ""GBPUSD"": 0.2236910937833673, ""XAUUSD"": 0.7320564187745768}",false,"{""USDJPY"": 1}",0.444357,1.000000,123,false,false,BLOCKED,portfolio.median_oos_sharpe=0.058 < 0.70; portfolio.max_is_to_oos_sharpe_degradation_pct=4555.5% > 30%; portfolio.max_per_pair_net_profit_share=73.2% (worst: XAUUSD) > 40%,,0.033930,2.163123,137.903241,0.634706
"V1|atr_stop_mult=1.5,ema_fast=13,ema_slow=89,rsi_length=21",V1,"{""atr_stop_mult"": 1.5, ""ema_fast"": 13, ""ema_slow"": 89, ""rsi_length"": 21}",OK,5,2.917830,0.000000,-1.488049,3.093751,4287.220117,172,28,3,0.591782,"{""EURUSD"": 0.213418236925807, ""GBPUSD"": 0.19480013580371197, ""XAUUSD"": 0.5917816272704811}",false,"{""USDJPY"": 0}",0.444903,1.000000,123,false,false,BLOCKED,portfolio.median_oos_sharpe=-1.488 < 0.70; portfolio.max_is_to_oos_sharpe_degradation_pct=4287.2% > 30%; portfolio.max_per_pair_net_profit_share=59.2% (worst: XAUUSD) > 40%,,0.087139,3.292348,124.394541,0.731115
"V1|atr_stop_mult=1.5,ema_fast=21,ema_slow=34,rsi_length=10",V1,"{""atr_stop_mult"": 1.5, ""ema_fast"": 21, ""ema_slow"": 34, ""rsi_length"": 10}",OK,5,35.331785,2.331132,1.896953,1.872201,509.075694,243,39,5,0.637341,"{""EURUSD"": 0.205984464926546, ""GBPUSD"": 0.15667461414163816, ""XAUUSD"": 0.6373409209318158}",false,"{""USDJPY"": 1}",0.008900,1.000000,123,true,false,BLOCKED,portfolio.max_is_to_oos_sharpe_degradation_pct=509.1% > 30%; portfolio.max_per_pair_net_profit_share=63.7% (worst: XAUUSD) > 40%,,0.613740,8.361544,113.917043,0.917403
"V1|atr_stop_mult=1.5,ema_fast=21,ema_slow=34,rsi_length=14",V1,"{""atr_stop_mult"": 1.5, ""ema_fast"": 21, ""ema_slow"": 34, ""rsi_length"": 14}",OK,5,2.954713,1.362107,1.395832,2.040933,3685.482244,214,28,5,0.674487,"{""EURUSD"": 0.13262768622053467, ""GBPUSD"": 0.19288545582603037, ""XAUUSD"": 0.674486857953435}",false,"{""USDJPY"": 1}",0.003849,0.473366,123,true,false,BLOCKED,portfolio.max_is_to_oos_sharpe_degradation_pct=3685.5% > 30%; portfolio.max_per_pair_net_profit_share=67.4% (worst: XAUUSD) > 40%,,0.378388,3.620218,34.636328,0.844651
"V1|atr_stop_mult=1.5,ema_fast=21,ema_slow=34,rsi_length=21",V1,"{""atr_stop_mult"": 1.5, ""ema_fast"": 21, ""ema_slow"": 34, ""rsi_length"": 21}",OK,5,5.703675,1.243312,2.334043,2.754645,2120.789991,133,20,5,0.578374,"{""EURUSD"": 0.14678072317105578, ""GBPUSD"": 0.27484514269027405, ""XAUUSD"": 0.5783741341386702}",false,"{""USDJPY"": 0}",0.039641,1.000000,123,true,false,BLOCKED,portfolio.max_is_to_oos_sharpe_degradation_pct=2120.8% > 30%; portfolio.max_per_pair_net_profit_share=57.8% (worst: XAUUSD) > 40%,,0.367574,4.640672,58.589082,0.857970
"V1|atr_stop_mult=1.5,ema_fast=21,ema_slow=55,rsi_length=10",V1,"{""atr_stop_mult"": 1.5, ""ema_fast"": 21, ""ema_slow"": 55, ""rsi_length"": 10}",OK,5,15.352054,0.784407,1.918795,2.590653,792.594824,281,54,4,0.627205,"{""EURUSD"": 0.22910923069266484, ""GBPUSD"": 0.14368584068852033, ""XAUUSD"": 0.6272049286188148}",false,"{""USDJPY"": 1}",0.073028,1.000000,123,false,false,BLOCKED,portfolio.max_is_to_oos_sharpe_degradation_pct=792.6% > 30%; portfolio.max_per_pair_net_profit_share=62.7% (worst: XAUUSD) > 40%,,0.293155,5.284773,95.269673,0.846971
"V1|atr_stop_mult=1.5,ema_fast=21,ema_slow=55,rsi_length=14",V1,"{""atr_stop_mult"": 1.5, ""ema_fast"": 21, ""ema_slow"": 55, ""rsi_length"": 14}",OK,5,6.886599,0.412284,1.036907,3.276256,5564.637216,250,43,3,0.727512,"{""EURUSD"": 0.1081590215053258, ""GBPUSD"": 0.16432897791653378, ""XAUUSD"": 0.7275120005781405}",false,"{""USDJPY"": 1}",0.162349,1.000000,123,false,false,BLOCKED,portfolio.max_is_to_oos_sharpe_degradation_pct=5564.6% > 30%; portfolio.max_per_pair_net_profit_share=72.8% (worst: XAUUSD) > 40%,,0.105350,3.049279,88.258793,0.728228
"V1|atr_stop_mult=1.5,ema_fast=21,ema_slow=55,rsi_length=21",V1,"{""atr_stop_mult"": 1.5, ""ema_fast"": 21, ""ema_slow"": 55, ""rsi_length"": 21}",OK,5,2.837565,0.218014,0.459611,3.164995,936.719628,169,29,4,0.589413,"{""EURUSD"": 0.19111911490139014, ""GBPUSD"": 0.2194679177681521, ""XAUUSD"": 0.5894129673304577}",false,"{""USDJPY"": 2}",0.225948,1.000000,123,false,false,BLOCKED,portfolio.median_oos_sharpe=0.460 < 0.70; portfolio.max_is_to_oos_sharpe_degradation_pct=936.7% > 30%; portfolio.max_per_pair_net_profit_share=58.9% (worst: XAUUSD) > 40%,,0.094906,2.827017,84.209476,0.713201
"V1|atr_stop_mult=1.5,ema_fast=21,ema_slow=89,rsi_length=10",V1,"{""atr_stop_mult"": 1.5, ""ema_fast"": 21, ""ema_slow"": 89, ""rsi_length"": 10}",OK,5,7.766796,0.945793,1.389372,2.942040,666.295190,297,54,4,0.630407,"{""EURUSD"": 0.22223365888671368, ""GBPUSD"": 0.14735969474419985, ""XAUUSD"": 0.6304066463690865}",false,"{""USDJPY"": 1}",0.123450,1.000000,123,false,false,BLOCKED,portfolio.max_is_to_oos_sharpe_degradation_pct=666.3% > 30%; portfolio.max_per_pair_net_profit_share=63.0% (worst: XAUUSD) > 40%,,0.338258,4.865957,69.998450,0.853651
"V1|atr_stop_mult=1.5,ema_fast=21,ema_slow=89,rsi_length=14",V1,"{""atr_stop_mult"": 1.5, ""ema_fast"": 21, ""ema_slow"": 89, ""rsi_length"": 14}",OK,5,5.468936,0.701619,0.460899,3.012998,326.277247,262,43,3,0.730548,"{""EURUSD"": 0.1199893200199796, ""GBPUSD"": 0.14946225308154332, ""XAUUSD"": 0.7305484268984771}",false,"{""USDJPY"": 1}",0.185535,1.000000,123,false,false,BLOCKED,portfolio.median_oos_sharpe=0.461 < 0.70; portfolio.max_is_to_oos_sharpe_degradation_pct=326.3% > 30%; portfolio.max_per_pair_net_profit_share=73.1% (worst: XAUUSD) > 40%,,0.168236,3.395298,68.523099,0.770339
"V1|atr_stop_mult=1.5,ema_fast=21,ema_slow=89,rsi_length=21",V1,"{""atr_stop_mult"": 1.5, ""ema_fast"": 21, ""ema_slow"": 89, ""rsi_length"": 21}",OK,5,2.593922,0.306897,0.459144,2.980343,1042.531080,181,28,4,0.575383,"{""EURUSD"": 0.20549221468521503, ""GBPUSD"": 0.2191249675381907, ""XAUUSD"": 0.5753828177765943}",false,"{""USDJPY"": 1}",0.289161,1.000000,123,false,false,BLOCKED,portfolio.median_oos_sharpe=0.459 < 0.70; portfolio.max_is_to_oos_sharpe_degradation_pct=1042.5% > 30%; portfolio.max_per_pair_net_profit_share=57.5% (worst: XAUUSD) > 40%,,0.118743,2.948179,73.198281,0.731350
"V1|atr_stop_mult=2.5,ema_fast=13,ema_slow=34,rsi_length=10",V1,"{""atr_stop_mult"": 2.5, ""ema_fast"": 13, ""ema_slow"": 34, ""rsi_length"": 10}",OK,5,4.806804,0.531750,0.505108,1.502788,615.084215,244,40,4,0.526008,"{""EURUSD"": 0.2447840943247247, ""GBPUSD"": 0.22920829303025317, ""XAUUSD"": 0.5260076126450222}",false,"{""USDJPY"": 1}",0.131648,1.000000,123,false,false,BLOCKED,portfolio.median_oos_sharpe=0.505 < 0.70; portfolio.max_is_to_oos_sharpe_degradation_pct=615.1% > 30%; portfolio.max_per_pair_net_profit_share=52.6% (worst: XAUUSD) > 40%,,0.222396,2.895437,37.696550,0.774222
"V1|atr_stop_mult=2.5,ema_fast=13,ema_slow=34,rsi_length=14",V1,"{""atr_stop_mult"": 2.5, ""ema_fast"": 13, ""ema_slow"": 34, ""rsi_length"": 14}",OK,5,0.867025,0.053027,0.210522,1.674694,3930.859991,202,26,2,0.592013,"{""EURUSD"": 0.047275479224666524, ""GBPUSD"": 0.36071112507091324, ""XAUUSD"": 0.5920133957044204}",false,"{""USDJPY"": 0}",0.298622,1.000000,123,false,false,BLOCKED,portfolio.median_oos_pf=0.867 < 1.30; portfolio.median_oos_sharpe=0.211 < 0.70; portfolio.folds_with_oos_pf>1=2 < 3; portfolio.max_is_to_oos_sharpe_degradation_pct=3930.9% > 30%; portfolio.max_per_pair_net_profit_share=59.2% (worst: XAUUSD) > 40%,,0.021556,1.368381,86.864596,0.555961
"V1|atr_stop_mult=2.5,ema_fast=13,ema_slow=34,rsi_length=21",V1,"{""atr_stop_mult"": 2.5, ""ema_fast"": 13, ""ema_slow"": 34, ""rsi_length"": 21}",OK,5,2.611664,0.572255,-0.526497,1.001015,1514.220255,111,15,3,0.505648,"{""EURUSD"": 0.22230829875509642, ""GBPUSD"": 0.27204418439496997, ""XAUUSD"": 0.5056475168499336}",false,"{""USDJPY"": 1}",0.633023,1.000000,123,false,false,BLOCKED,portfolio.median_oos_sharpe=-0.526 < 0.70; portfolio.max_is_to_oos_sharpe_degradation_pct=1514.2% > 30%; portfolio.max_per_pair_net_profit_share=50.6% (worst: XAUUSD) > 40%,,0.145213,1.967276,26.651728,0.684054
"V1|atr_stop_mult=2.5,ema_fast=13,ema_slow=55,rsi_length=10",V1,"{""atr_stop_mult"": 2.5, ""ema_fast"": 13, ""ema_slow"": 55, ""rsi_length"": 10}",OK,5,11.149102,0.029715,1.396397,2.109261,477.852462,277,49,3,0.720959,"{""EURUSD"": 0.1615141153265758, ""GBPUSD"": 0.1175266076053179, ""XAUUSD"": 0.7209592770681064}",false,"{""USDJPY"": 1}",0.162684,1.000000,123,false,false,BLOCKED,portfolio.max_is_to_oos_sharpe_degradation_pct=477.9% > 30%; portfolio.max_per_pair_net_profit_share=72.1% (worst: XAUUSD) > 40%,,0.016968,2.043367,246.076980,0.609150
"V1|atr_stop_mult=2.5,ema_fast=13,ema_slow=55,rsi_length=14",V1,"{""atr_stop_mult"": 2.5, ""ema_fast"": 13, ""ema_slow"": 55, ""rsi_length"": 14}",OK,5,12.741687,0.003770,1.542778,2.439417,626.221499,230,38,3,0.702588,"{""EURUSD"": 0.0675224550250477, ""GBPUSD"": 0.2298899069476017, ""XAUUSD"": 0.7025876380273506}",false,"{""USDJPY"": 0}",0.344289,1.000000,123,false,false,BLOCKED,portfolio.max_is_to_oos_sharpe_degradation_pct=626.2% > 30%; portfolio.max_per_pair_net_profit_share=70.3% (worst: XAUUSD) > 40%,,0.015366,2.025463,266.984972,0.605912
"V1|atr_stop_mult=2.5,ema_fast=13,ema_slow=55,rsi_length=21",V1,"{""atr_stop_mult"": 2.5, ""ema_fast"": 13, ""ema_slow"": 55, ""rsi_length"": 21}",OK,5,3.362401,0.000000,-0.757289,1.455734,3278.233008,150,23,3,0.599816,"{""EURUSD"": 0.1603141459643336, ""GBPUSD"": 0.2398694327011361, ""XAUUSD"": 0.5998164213345304}",false,"{""USDJPY"": 1}",0.432208,1.000000,123,false,false,BLOCKED,portfolio.median_oos_sharpe=-0.757 < 0.70; portfolio.max_is_to_oos_sharpe_degradation_pct=3278.2% > 30%; portfolio.max_per_pair_net_profit_share=60.0% (worst: XAUUSD) > 40%,,0.192642,4.136946,88.840103,0.803167
"V1|atr_stop_mult=2.5,ema_fast=13,ema_slow=89,rsi_length=10",V1,"{""atr_stop_mult"": 2.5, ""ema_fast"": 13, ""ema_slow"": 89, ""rsi_length"": 10}",OK,5,3.957092,0.230717,0.101450,2.009857,683.497904,306,56,3,0.625863,"{""EURUSD"": 0.2222096488858664, ""GBPUSD"": 0.15192688407793783, ""XAUUSD"": 0.6258634670361958}",false,"{""USDJPY"": 1}",0.310149,1.000000,123,false,false,BLOCKED,portfolio.median_oos_sharpe=0.101 < 0.70; portfolio.max_is_to_oos_sharpe_degradation_pct=683.5% > 30%; portfolio.max_per_pair_net_profit_share=62.6% (worst: XAUUSD) > 40%,,0.060578,2.373984,93.033047,0.668455
"V1|atr_stop_mult=2.5,ema_fast=13,ema_slow=89,rsi_length=14",V1,"{""atr_stop_mult"": 2.5, ""ema_fast"": 13, ""ema_slow"": 89, ""rsi_length"": 14}",OK,5,6.979307,0.126206,0.368461,2.340348,2985.889751,258,42,3,0.701714,"{""EURUSD"": 0.0966079078260137, ""GBPUSD"": 0.2016777696367313, ""XAUUSD"": 0.701714322537255}",false,"{""USDJPY"": 1}",0.455440,1.000000,123,false,false,BLOCKED,portfolio.median_oos_sharpe=0.368 < 0.70; portfolio.max_is_to_oos_sharpe_degradation_pct=2985.9% > 30%; portfolio.max_per_pair_net_profit_share=70.2% (worst: XAUUSD) > 40%,,0.028652,2.094902,153.170606,0.625416
"V1|atr_stop_mult=2.5,ema_fast=13,ema_slow=89,rsi_length=21",V1,"{""atr_stop_mult"": 2.5, ""ema_fast"": 13, ""ema_slow"": 89, ""rsi_length"": 21}",OK,5,2.733846,0.000000,-1.580963,1.761769,1637.657281,171,28,3,0.572821,"{""EURUSD"": 0.22444626758866693, ""GBPUSD"": 0.20273283634845224, ""XAUUSD"": 0.5728208960628808}",false,"{""USDJPY"": 0}",0.470421,1.000000,123,false,false,BLOCKED,portfolio.median_oos_sharpe=-1.581 < 0.70; portfolio.max_is_to_oos_sharpe_degradation_pct=1637.7% > 30%; portfolio.max_per_pair_net_profit_share=57.3% (worst: XAUUSD) > 40%,,0.108647,3.080478,87.340820,0.736009
"V1|atr_stop_mult=2.5,ema_fast=21,ema_slow=34,rsi_length=10",V1,"{""atr_stop_mult"": 2.5, ""ema_fast"": 21, ""ema_slow"": 34, ""rsi_length"": 10}",OK,5,32.054158,1.996439,2.132669,1.355971,749.382167,243,39,5,0.634060,"{""EURUSD"": 0.2052386847926596, ""GBPUSD"": 0.16070142661135947, ""XAUUSD"": 0.634059888595981}",false,"{""USDJPY"": 1}",0.014092,1.000000,123,true,false,BLOCKED,portfolio.max_is_to_oos_sharpe_degradation_pct=749.4% > 30%; portfolio.max_per_pair_net_profit_share=63.4% (worst: XAUUSD) > 40%,,0.560744,8.291472,122.602326,0.911055
"V1|atr_stop_mult=2.5,ema_fast=21,ema_slow=34,rsi_length=14",V1,"{""atr_stop_mult"": 2.5, ""ema_fast"": 21, ""ema_slow"": 34, ""rsi_length"": 14}",OK,5,12.668048,1.262122,1.335854,1.301710,325.604026,212,27,5,0.705771,"{""EURUSD"": 0.1032714819111915, ""GBPUSD"": 0.19095760167380915, ""XAUUSD"": 0.7057709164149993}",false,"{""USDJPY"": 1}",0.005751,0.707320,123,true,false,BLOCKED,portfolio.max_is_to_oos_sharpe_degradation_pct=325.6% > 30%; portfolio.max_per_pair_net_profit_share=70.6% (worst: XAUUSD) > 40%,,0.330450,4.981421,75.093261,0.853062
"V1|atr_stop_mult=2.5,ema_fast=21,ema_slow=34,rsi_length=21",V1,"{""atr_stop_mult"": 2.5, ""ema_fast"": 21, ""ema_slow"": 34, ""rsi_length"": 21}",OK,5,4.848389,1.155882,1.886069,1.334594,5013.453554,132,20,5,0.605296,"{""EURUSD"": 0.13804683173372753, ""GBPUSD"": 0.25665697637525137, ""XAUUSD"": 0.6052961918910211}",false,"{""USDJPY"": 0}",0.035756,1.000000,123,true,false,BLOCKED,portfolio.max_is_to_oos_sharpe_degradation_pct=5013.5% > 30%; portfolio.max_per_pair_net_profit_share=60.5% (worst: XAUUSD) > 40%,,0.359907,4.600404,58.803337,0.855667
"V1|atr_stop_mult=2.5,ema_fast=21,ema_slow=55,rsi_length=10",V1,"{""atr_stop_mult"": 2.5, ""ema_fast"": 21, ""ema_slow"": 55, ""rsi_length"": 10}",OK,5,11.195665,0.718890,1.701543,2.232256,765.114267,281,54,4,0.638868,"{""EURUSD"": 0.23368807797101807, ""GBPUSD"": 0.12744361939370452, ""XAUUSD"": 0.6388683026352774}",false,"{""USDJPY"": 1}",0.074560,1.000000,123,false,false,BLOCKED,portfolio.max_is_to_oos_sharpe_degradation_pct=765.1% > 30%; portfolio.max_per_pair_net_profit_share=63.9% (worst: XAUUSD) > 40%,,0.248233,4.520922,82.337068,0.824306
"V1|atr_stop_mult=2.5,ema_fast=21,ema_slow=55,rsi_length=14",V1,"{""atr_stop_mult"": 2.5, ""ema_fast"": 21, ""ema_slow"": 55, ""rsi_length"": 14}",OK,5,7.997010,0.255891,1.144158,2.126622,3503.175297,248,42,3,0.707414,"{""EURUSD"": 0.13203544489845298, ""GBPUSD"": 0.16055095789110693, ""XAUUSD"": 0.7074135972104402}",false,"{""USDJPY"": 1}",0.181254,1.000000,123,false,false,BLOCKED,portfolio.max_is_to_oos_sharpe_degradation_pct=3503.2% > 30%; portfolio.max_per_pair_net_profit_share=70.7% (worst: XAUUSD) > 40%,,0.075909,2.863807,108.042706,0.703138
"V1|atr_stop_mult=2.5,ema_fast=21,ema_slow=55,rsi_length=21",V1,"{""atr_stop_mult"": 2.5, ""ema_fast"": 21, ""ema_slow"": 55, ""rsi_length"": 21}",OK,5,3.268883,0.166648,0.325215,1.584399,984.016153,168,29,4,0.600522,"{""EURUSD"": 0.1852337617431942, ""GBPUSD"": 0.21424440678566964, ""XAUUSD"": 0.6005218314711361}",false,"{""USDJPY"": 2}",0.248762,1.000000,123,false,false,BLOCKED,portfolio.median_oos_sharpe=0.325 < 0.70; portfolio.max_is_to_oos_sharpe_degradation_pct=984.0% > 30%; portfolio.max_per_pair_net_profit_share=60.1% (worst: XAUUSD) > 40%,,0.075822,2.678902,94.649535,0.694756
"V1|atr_stop_mult=2.5,ema_fast=21,ema_slow=89,rsi_length=10",V1,"{""atr_stop_mult"": 2.5, ""ema_fast"": 21, ""ema_slow"": 89, ""rsi_length"": 10}",OK,5,5.231311,0.809631,1.182529,1.875176,726.080116,297,54,4,0.603213,"{""EURUSD"": 0.23335599863615555, ""GBPUSD"": 0.16343103909978754, ""XAUUSD"": 0.603212962264057}",false,"{""USDJPY"": 1}",0.142327,1.000000,123,false,false,BLOCKED,portfolio.max_is_to_oos_sharpe_degradation_pct=726.1% > 30%; portfolio.max_per_pair_net_profit_share=60.3% (worst: XAUUSD) > 40%,,0.347561,3.805120,41.658741,0.840225
"V1|atr_stop_mult=2.5,ema_fast=21,ema_slow=89,rsi_length=14",V1,"{""atr_stop_mult"": 2.5, ""ema_fast"": 21, ""ema_slow"": 89, ""rsi_length"": 14}",OK,5,4.815675,0.767420,0.393357,1.866439,358.488822,260,42,3,0.688559,"{""EURUSD"": 0.1650545108228905, ""GBPUSD"": 0.1463868678044439, ""XAUUSD"": 0.6885586213726657}",false,"{""USDJPY"": 1}",0.200578,1.000000,123,false,false,BLOCKED,portfolio.median_oos_sharpe=0.393 < 0.70; portfolio.max_is_to_oos_sharpe_degradation_pct=358.5% > 30%; portfolio.max_per_pair_net_profit_share=68.9% (worst: XAUUSD) > 40%,,0.160649,3.275384,66.779918,0.763270
"V1|atr_stop_mult=2.5,ema_fast=21,ema_slow=89,rsi_length=21",V1,"{""atr_stop_mult"": 2.5, ""ema_fast"": 21, ""ema_slow"": 89, ""rsi_length"": 21}",OK,5,2.676056,0.287538,0.703999,2.170954,1139.583385,179,28,4,0.573422,"{""EURUSD"": 0.20822079627692522, ""GBPUSD"": 0.2183568208990849, ""XAUUSD"": 0.5734223828239898}",false,"{""USDJPY"": 1}",0.303789,1.000000,123,false,false,BLOCKED,portfolio.max_is_to_oos_sharpe_degradation_pct=1139.6% > 30%; portfolio.max_per_pair_net_profit_share=57.3% (worst: XAUUSD) > 40%,,0.117567,2.991768,76.132793,0.732502
"V2|atr_stop_mult=1.5,donchian_in=10,donchian_out=10",V2,"{""atr_stop_mult"": 1.5, ""donchian_in"": 10, ""donchian_out"": 10}",OK,5,2.222080,1.106954,-1.388575,4.486119,262260.725066,105,13,5,0.657408,"{""EURUSD"": 0.25532651288113656, ""GBPUSD"": 0.08726566573931509, ""XAUUSD"": 0.6574078213795485}",false,"{""USDJPY"": 1}",0.807151,1.000000,123,false,false,BLOCKED,portfolio.median_oos_sharpe=-1.389 < 0.70; portfolio.max_is_to_oos_sharpe_degradation_pct=262260.7% > 30%; portfolio.max_per_pair_net_profit_share=65.7% (worst: XAUUSD) > 40%,,0.265629,2.778138,29.055762,0.784956
"V2|atr_stop_mult=1.5,donchian_in=10,donchian_out=5",V2,"{""atr_stop_mult"": 1.5, ""donchian_in"": 10, ""donchian_out"": 5}",OK,5,2.222080,1.106954,-1.388575,4.486119,262260.725066,105,13,5,0.657408,"{""EURUSD"": 0.25532651288113656, ""GBPUSD"": 0.08726566573931509, ""XAUUSD"": 0.6574078213795485}",false,"{""USDJPY"": 1}",0.807151,1.000000,123,false,false,BLOCKED,portfolio.median_oos_sharpe=-1.389 < 0.70; portfolio.max_is_to_oos_sharpe_degradation_pct=262260.7% > 30%; portfolio.max_per_pair_net_profit_share=65.7% (worst: XAUUSD) > 40%,,0.265629,2.778138,29.055762,0.784956
"V2|atr_stop_mult=1.5,donchian_in=20,donchian_out=10",V2,"{""atr_stop_mult"": 1.5, ""donchian_in"": 20, ""donchian_out"": 10}",OK,5,2.973610,2.005444,3.301362,3.056327,151.997116,67,10,5,0.710785,"{""EURUSD"": 0.17859440947198882, ""GBPUSD"": 0.1106205964650533, ""XAUUSD"": 0.7107849940629579}",false,"{""USDJPY"": 1}",0.814345,1.000000,123,false,false,BLOCKED,portfolio.max_is_to_oos_sharpe_degradation_pct=152.0% > 30%; portfolio.max_per_pair_net_profit_share=71.1% (worst: XAUUSD) > 40%,,0.365699,4.239969,49.158877,0.852185
"V2|atr_stop_mult=1.5,donchian_in=20,donchian_out=20",V2,"{""atr_stop_mult"": 1.5, ""donchian_in"": 20, ""donchian_out"": 20}",OK,5,2.973610,2.005444,3.301362,3.056327,151.997116,67,10,5,0.710785,"{""EURUSD"": 0.17859440947198882, ""GBPUSD"": 0.1106205964650533, ""XAUUSD"": 0.7107849940629579}",false,"{""USDJPY"": 1}",0.814345,1.000000,123,false,false,BLOCKED,portfolio.max_is_to_oos_sharpe_degradation_pct=152.0% > 30%; portfolio.max_per_pair_net_profit_share=71.1% (worst: XAUUSD) > 40%,,0.365699,4.239969,49.158877,0.852185
"V2|atr_stop_mult=1.5,donchian_in=20,donchian_out=5",V2,"{""atr_stop_mult"": 1.5, ""donchian_in"": 20, ""donchian_out"": 5}",OK,5,2.973610,2.005444,3.301362,3.056327,151.997116,67,10,5,0.710785,"{""EURUSD"": 0.17859440947198882, ""GBPUSD"": 0.1106205964650533, ""XAUUSD"": 0.7107849940629579}",false,"{""USDJPY"": 1}",0.814345,1.000000,123,false,false,BLOCKED,portfolio.max_is_to_oos_sharpe_degradation_pct=152.0% > 30%; portfolio.max_per_pair_net_profit_share=71.1% (worst: XAUUSD) > 40%,,0.365699,4.239969,49.158877,0.852185
"V2|atr_stop_mult=1.5,donchian_in=40,donchian_out=10",V2,"{""atr_stop_mult"": 1.5, ""donchian_in"": 40, ""donchian_out"": 10}",OK,5,34.995212,2.796644,0.698247,2.048256,104.656232,43,6,5,0.763195,"{""EURUSD"": 0.1474373785742432, ""GBPUSD"": 0.08936786695688613, ""XAUUSD"": 0.7631947544688706}",false,"{""USDJPY"": 1}",0.867329,1.000000,123,false,false,BLOCKED,portfolio.median_oos_sharpe=0.698 < 0.70; portfolio.max_is_to_oos_sharpe_degradation_pct=104.7% > 30%; portfolio.max_per_pair_net_profit_share=76.3% (worst: XAUUSD) > 40%,,0.496307,6.383683,82.109334,0.895926
"V2|atr_stop_mult=1.5,donchian_in=40,donchian_out=20",V2,"{""atr_stop_mult"": 1.5, ""donchian_in"": 40, ""donchian_out"": 20}",OK,5,34.995212,2.796644,0.698247,2.048256,104.656232,43,6,5,0.763195,"{""EURUSD"": 0.1474373785742432, ""GBPUSD"": 0.08936786695688613, ""XAUUSD"": 0.7631947544688706}",false,"{""USDJPY"": 1}",0.867329,1.000000,123,false,false,BLOCKED,portfolio.median_oos_sharpe=0.698 < 0.70; portfolio.max_is_to_oos_sharpe_degradation_pct=104.7% > 30%; portfolio.max_per_pair_net_profit_share=76.3% (worst: XAUUSD) > 40%,,0.496307,6.383683,82.109334,0.895926
"V2|atr_stop_mult=1.5,donchian_in=40,donchian_out=5",V2,"{""atr_stop_mult"": 1.5, ""donchian_in"": 40, ""donchian_out"": 5}",OK,5,34.995212,2.796644,0.698247,2.048256,104.656232,43,6,5,0.763195,"{""EURUSD"": 0.1474373785742432, ""GBPUSD"": 0.08936786695688613, ""XAUUSD"": 0.7631947544688706}",false,"{""USDJPY"": 1}",0.867329,1.000000,123,false,false,BLOCKED,portfolio.median_oos_sharpe=0.698 < 0.70; portfolio.max_is_to_oos_sharpe_degradation_pct=104.7% > 30%; portfolio.max_per_pair_net_profit_share=76.3% (worst: XAUUSD) > 40%,,0.496307,6.383683,82.109334,0.895926
"V2|atr_stop_mult=2.0,donchian_in=10,donchian_out=10",V2,"{""atr_stop_mult"": 2.0, ""donchian_in"": 10, ""donchian_out"": 10}",OK,5,1.947961,0.950163,-1.152077,3.388887,5463.858316,98,13,4,0.616227,"{""EURUSD"": 0.27117675763809707, ""GBPUSD"": 0.11259597066891844, ""XAUUSD"": 0.6162272716929845}",false,"{""USDJPY"": 1}",0.559684,1.000000,123,false,false,BLOCKED,portfolio.median_oos_sharpe=-1.152 < 0.70; portfolio.max_is_to_oos_sharpe_degradation_pct=5463.9% > 30%; portfolio.max_per_pair_net_profit_share=61.6% (worst: XAUUSD) > 40%,,0.257419,2.596702,26.194110,0.773502
"V2|atr_stop_mult=2.0,donchian_in=10,donchian_out=5",V2,"{""atr_stop_mult"": 2.0, ""donchian_in"": 10, ""donchian_out"": 5}",OK,5,1.947961,0.950163,-1.152077,3.388887,5463.858316,98,13,4,0.616227,"{""EURUSD"": 0.27117675763809707, ""GBPUSD"": 0.11259597066891844, ""XAUUSD"": 0.6162272716929845}",false,"{""USDJPY"": 1}",0.559684,1.000000,123,false,false,BLOCKED,portfolio.median_oos_sharpe=-1.152 < 0.70; portfolio.max_is_to_oos_sharpe_degradation_pct=5463.9% > 30%; portfolio.max_per_pair_net_profit_share=61.6% (worst: XAUUSD) > 40%,,0.257419,2.596702,26.194110,0.773502
"V2|atr_stop_mult=2.0,donchian_in=20,donchian_out=10",V2,"{""atr_stop_mult"": 2.0, ""donchian_in"": 20, ""donchian_out"": 10}",OK,5,2.636642,1.770841,3.537149,2.536359,4533010.768041,62,10,5,0.695596,"{""EURUSD"": 0.17714029786663565, ""GBPUSD"": 0.12726364871704177, ""XAUUSD"": 0.6955960534163227}",false,"{""USDJPY"": 1}",0.811920,1.000000,123,false,false,BLOCKED,portfolio.max_is_to_oos_sharpe_degradation_pct=4533010.8% > 30%; portfolio.max_per_pair_net_profit_share=69.6% (worst: XAUUSD) > 40%,,0.330081,4.032564,49.265348,0.839720
"V2|atr_stop_mult=2.0,donchian_in=20,donchian_out=20",V2,"{""atr_stop_mult"": 2.0, ""donchian_in"": 20, ""donchian_out"": 20}",OK,5,2.636642,1.770841,3.537149,2.536359,4533010.768041,62,10,5,0.695596,"{""EURUSD"": 0.17714029786663565, ""GBPUSD"": 0.12726364871704177, ""XAUUSD"": 0.6955960534163227}",false,"{""USDJPY"": 1}",0.811920,1.000000,123,false,false,BLOCKED,portfolio.max_is_to_oos_sharpe_degradation_pct=4533010.8% > 30%; portfolio.max_per_pair_net_profit_share=69.6% (worst: XAUUSD) > 40%,,0.330081,4.032564,49.265348,0.839720
"V2|atr_stop_mult=2.0,donchian_in=20,donchian_out=5",V2,"{""atr_stop_mult"": 2.0, ""donchian_in"": 20, ""donchian_out"": 5}",OK,5,2.636642,1.770841,3.537149,2.536359,4533010.768041,62,10,5,0.695596,"{""EURUSD"": 0.17714029786663565, ""GBPUSD"": 0.12726364871704177, ""XAUUSD"": 0.6955960534163227}",false,"{""USDJPY"": 1}",0.811920,1.000000,123,false,false,BLOCKED,portfolio.max_is_to_oos_sharpe_degradation_pct=4533010.8% > 30%; portfolio.max_per_pair_net_profit_share=69.6% (worst: XAUUSD) > 40%,,0.330081,4.032564,49.265348,0.839720
"V2|atr_stop_mult=2.0,donchian_in=40,donchian_out=10",V2,"{""atr_stop_mult"": 2.0, ""donchian_in"": 40, ""donchian_out"": 10}",OK,5,11.762445,2.252641,0.947642,2.032383,100.000000,40,5,5,0.741518,"{""EURUSD"": 0.16096050743141843, ""GBPUSD"": 0.0975217783431494, ""XAUUSD"": 0.7415177142254322}",false,"{""USDJPY"": 1}",0.867403,1.000000,123,false,false,BLOCKED,portfolio.max_is_to_oos_sharpe_degradation_pct=100.0% > 30%; portfolio.max_per_pair_net_profit_share=74.2% (worst: XAUUSD) > 40%,,0.450019,5.472295,66.543882,0.882850
"V2|atr_stop_mult=2.0,donchian_in=40,donchian_out=20",V2,"{""atr_stop_mult"": 2.0, ""donchian_in"": 40, ""donchian_out"": 20}",OK,5,11.762445,2.252641,0.947642,2.032383,100.000000,40,5,5,0.741518,"{""EURUSD"": 0.16096050743141843, ""GBPUSD"": 0.0975217783431494, ""XAUUSD"": 0.7415177142254322}",false,"{""USDJPY"": 1}",0.867403,1.000000,123,false,false,BLOCKED,portfolio.max_is_to_oos_sharpe_degradation_pct=100.0% > 30%; portfolio.max_per_pair_net_profit_share=74.2% (worst: XAUUSD) > 40%,,0.450019,5.472295,66.543882,0.882850
"V2|atr_stop_mult=2.0,donchian_in=40,donchian_out=5",V2,"{""atr_stop_mult"": 2.0, ""donchian_in"": 40, ""donchian_out"": 5}",OK,5,11.762445,2.252641,0.947642,2.032383,100.000000,40,5,5,0.741518,"{""EURUSD"": 0.16096050743141843, ""GBPUSD"": 0.0975217783431494, ""XAUUSD"": 0.7415177142254322}",false,"{""USDJPY"": 1}",0.867403,1.000000,123,false,false,BLOCKED,portfolio.max_is_to_oos_sharpe_degradation_pct=100.0% > 30%; portfolio.max_per_pair_net_profit_share=74.2% (worst: XAUUSD) > 40%,,0.450019,5.472295,66.543882,0.882850
"V2|atr_stop_mult=2.5,donchian_in=10,donchian_out=10",V2,"{""atr_stop_mult"": 2.5, ""donchian_in"": 10, ""donchian_out"": 10}",OK,5,1.687689,0.931935,-0.946465,3.168413,351.837529,94,13,4,0.608288,"{""EURUSD"": 0.28833501634729747, ""GBPUSD"": 0.10337704974761337, ""XAUUSD"": 0.6082879339050893}",false,"{""USDJPY"": 1}",0.518906,1.000000,123,false,false,BLOCKED,portfolio.median_oos_sharpe=-0.946 < 0.70; portfolio.max_is_to_oos_sharpe_degradation_pct=351.8% > 30%; portfolio.max_per_pair_net_profit_share=60.8% (worst: XAUUSD) > 40%,,0.238359,2.279158,21.793048,0.747541
"V2|atr_stop_mult=2.5,donchian_in=10,donchian_out=5",V2,"{""atr_stop_mult"": 2.5, ""donchian_in"": 10, ""donchian_out"": 5}",OK,5,1.687689,0.931935,-0.946465,3.168413,351.837529,94,13,4,0.608288,"{""EURUSD"": 0.28833501634729747, ""GBPUSD"": 0.10337704974761337, ""XAUUSD"": 0.6082879339050893}",false,"{""USDJPY"": 1}",0.518906,1.000000,123,false,false,BLOCKED,portfolio.median_oos_sharpe=-0.946 < 0.70; portfolio.max_is_to_oos_sharpe_degradation_pct=351.8% > 30%; portfolio.max_per_pair_net_profit_share=60.8% (worst: XAUUSD) > 40%,,0.238359,2.279158,21.793048,0.747541
"V2|atr_stop_mult=2.5,donchian_in=20,donchian_out=10",V2,"{""atr_stop_mult"": 2.5, ""donchian_in"": 20, ""donchian_out"": 10}",OK,5,2.245952,1.704261,3.040154,2.524041,704677.509163,60,10,5,0.649898,"{""EURUSD"": 0.2002177859388922, ""GBPUSD"": 0.14988468351322856, ""XAUUSD"": 0.6498975305478792}",false,"{""USDJPY"": 1}",0.810892,1.000000,123,false,false,BLOCKED,portfolio.max_is_to_oos_sharpe_degradation_pct=704677.5% > 30%; portfolio.max_per_pair_net_profit_share=65.0% (worst: XAUUSD) > 40%,,0.342356,3.300906,31.826483,0.827337
"V2|atr_stop_mult=2.5,donchian_in=20,donchian_out=20",V2,"{""atr_stop_mult"": 2.5, ""donchian_in"": 20, ""donchian_out"": 20}",OK,5,2.245952,1.704261,3.040154,2.524041,704677.509163,60,10,5,0.649898,"{""EURUSD"": 0.2002177859388922, ""GBPUSD"": 0.14988468351322856, ""XAUUSD"": 0.6498975305478792}",false,"{""USDJPY"": 1}",0.810892,1.000000,123,false,false,BLOCKED,portfolio.max_is_to_oos_sharpe_degradation_pct=704677.5% > 30%; portfolio.max_per_pair_net_profit_share=65.0% (worst: XAUUSD) > 40%,,0.342356,3.300906,31.826483,0.827337
"V2|atr_stop_mult=2.5,donchian_in=20,donchian_out=5",V2,"{""atr_stop_mult"": 2.5, ""donchian_in"": 20, ""donchian_out"": 5}",OK,5,2.245952,1.704261,3.040154,2.524041,704677.509163,60,10,5,0.649898,"{""EURUSD"": 0.2002177859388922, ""GBPUSD"": 0.14988468351322856, ""XAUUSD"": 0.6498975305478792}",false,"{""USDJPY"": 1}",0.810892,1.000000,123,false,false,BLOCKED,portfolio.max_is_to_oos_sharpe_degradation_pct=704677.5% > 30%; portfolio.max_per_pair_net_profit_share=65.0% (worst: XAUUSD) > 40%,,0.342356,3.300906,31.826483,0.827337
"V2|atr_stop_mult=2.5,donchian_in=40,donchian_out=10",V2,"{""atr_stop_mult"": 2.5, ""donchian_in"": 40, ""donchian_out"": 10}",OK,5,7.682771,1.999338,0.571790,2.022859,100.000000,38,5,5,0.742838,"{""EURUSD"": 0.19623494657720475, ""GBPUSD"": 0.06092738030578427, ""XAUUSD"": 0.742837673117011}",false,"{""USDJPY"": 1}",0.905748,1.000000,123,false,false,BLOCKED,portfolio.total_oos_trades=38 < 40; portfolio.median_oos_sharpe=0.572 < 0.70; portfolio.max_is_to_oos_sharpe_degradation_pct=100.0% > 30%; portfolio.max_per_pair_net_profit_share=74.3% (worst: XAUUSD) > 40%,,0.452753,5.123787,57.985662,0.880714
"V2|atr_stop_mult=2.5,donchian_in=40,donchian_out=20",V2,"{""atr_stop_mult"": 2.5, ""donchian_in"": 40, ""donchian_out"": 20}",OK,5,7.682771,1.999338,0.571790,2.022859,100.000000,38,5,5,0.742838,"{""EURUSD"": 0.19623494657720475, ""GBPUSD"": 0.06092738030578427, ""XAUUSD"": 0.742837673117011}",false,"{""USDJPY"": 1}",0.905748,1.000000,123,false,false,BLOCKED,portfolio.total_oos_trades=38 < 40; portfolio.median_oos_sharpe=0.572 < 0.70; portfolio.max_is_to_oos_sharpe_degradation_pct=100.0% > 30%; portfolio.max_per_pair_net_profit_share=74.3% (worst: XAUUSD) > 40%,,0.452753,5.123787,57.985662,0.880714
"V2|atr_stop_mult=2.5,donchian_in=40,donchian_out=5",V2,"{""atr_stop_mult"": 2.5, ""donchian_in"": 40, ""donchian_out"": 5}",OK,5,7.682771,1.999338,0.571790,2.022859,100.000000,38,5,5,0.742838,"{""EURUSD"": 0.19623494657720475, ""GBPUSD"": 0.06092738030578427, ""XAUUSD"": 0.742837673117011}",false,"{""USDJPY"": 1}",0.905748,1.000000,123,false,false,BLOCKED,portfolio.total_oos_trades=38 < 40; portfolio.median_oos_sharpe=0.572 < 0.70; portfolio.max_is_to_oos_sharpe_degradation_pct=100.0% > 30%; portfolio.max_per_pair_net_profit_share=74.3% (worst: XAUUSD) > 40%,,0.452753,5.123787,57.985662,0.880714
"V3|atr_stop_mult=1.5,bb_length=14,bb_std=1.5",V3,"{""atr_stop_mult"": 1.5, ""bb_length"": 14, ""bb_std"": 1.5}",OK,5,1.701788,0.053640,-1.115809,3.410762,2297.148920,220,36,3,0.497182,"{""EURUSD"": 0.20263994355545, ""GBPUSD"": 0.3001782845188765, ""XAUUSD"": 0.4971817719256734}",false,"{""USDJPY"": 2}",0.778583,1.000000,123,false,false,BLOCKED,portfolio.median_oos_sharpe=-1.116 < 0.70; portfolio.max_is_to_oos_sharpe_degradation_pct=2297.1% > 30%; portfolio.max_per_pair_net_profit_share=49.7% (worst: XAUUSD) > 40%,,0.014346,0.898008,56.213200,0.480669
"V3|atr_stop_mult=1.5,bb_length=14,bb_std=2.0",V3,"{""atr_stop_mult"": 1.5, ""bb_length"": 14, ""bb_std"": 2.0}",OK,5,1.083351,0.314928,-2.439270,2.618577,3888.605936,141,20,3,0.458927,"{""EURUSD"": 0.2948627422795062, ""GBPUSD"": 0.24620988330575927, ""XAUUSD"": 0.4589273744147345}",true,"{""USDJPY"": 4}",0.879020,1.000000,123,false,false,BLOCKED,portfolio.median_oos_pf=1.083 < 1.30; portfolio.median_oos_sharpe=-2.439 < 0.70; portfolio.max_is_to_oos_sharpe_degradation_pct=3888.6% > 30%; portfolio.max_per_pair_net_profit_share=45.9% (worst: XAUUSD) > 40%,,0.072649,1.280605,22.573668,0.563757
"V3|atr_stop_mult=1.5,bb_length=14,bb_std=2.5",V3,"{""atr_stop_mult"": 1.5, ""bb_length"": 14, ""bb_std"": 2.5}",OK,5,2.395200,0.000000,-0.128484,2.906254,77144.036528,57,7,3,0.636047,"{""EURUSD"": 0.21008697709074367, ""GBPUSD"": 0.15386605064459072, ""XAUUSD"": 0.6360469722646657}",false,"{""USDJPY"": 2}",0.831703,1.000000,123,false,false,BLOCKED,portfolio.median_oos_sharpe=-0.128 < 0.70; portfolio.max_is_to_oos_sharpe_degradation_pct=77144.0% > 30%; portfolio.max_per_pair_net_profit_share=63.6% (worst: XAUUSD) > 40%,,0.059141,1.882210,59.903316,0.636135
"V3|atr_stop_mult=1.5,bb_length=20,bb_std=1.5",V3,"{""atr_stop_mult"": 1.5, ""bb_length"": 20, ""bb_std"": 1.5}",OK,5,1.260569,0.000000,-2.712759,3.768165,2284.774954,177,31,4,0.539500,"{""EURUSD"": 0.2390629042244758, ""GBPUSD"": 0.22143744227694437, ""XAUUSD"": 0.5394996534985799}",false,"{""USDJPY"": 2}",0.838138,1.000000,123,false,false,BLOCKED,portfolio.median_oos_pf=1.261 < 1.30; portfolio.median_oos_sharpe=-2.713 < 0.70; portfolio.max_is_to_oos_sharpe_degradation_pct=2284.8% > 30%; portfolio.max_per_pair_net_profit_share=53.9% (worst: XAUUSD) > 40%,,0.194993,2.383308,29.130107,0.742168
"V3|atr_stop_mult=1.5,bb_length=20,bb_std=2.0",V3,"{""atr_stop_mult"": 1.5, ""bb_length"": 20, ""bb_std"": 2.0}",OK,5,1.224932,0.293588,-1.708832,4.029761,23607.818404,125,22,3,0.527336,"{""EURUSD"": 0.2329989534137402, ""GBPUSD"": 0.23966548131288035, ""XAUUSD"": 0.5273355652733794}",false,"{""USDJPY"": 1}",0.829230,1.000000,123,false,false,BLOCKED,portfolio.median_oos_pf=1.225 < 1.30; portfolio.median_oos_sharpe=-1.709 < 0.70; portfolio.max_is_to_oos_sharpe_degradation_pct=23607.8% > 30%; portfolio.max_per_pair_net_profit_share=52.7% (worst: XAUUSD) > 40%,,0.238775,1.018256,4.342359,0.509276
"V3|atr_stop_mult=1.5,bb_length=20,bb_std=2.5",V3,"{""atr_stop_mult"": 1.5, ""bb_length"": 20, ""bb_std"": 2.5}",OK,5,3.388987,0.059321,-4.042966,2.056782,497163.822680,58,9,4,0.734953,"{""EURUSD"": 0.11683127485151787, ""GBPUSD"": 0.1482154109192498, ""XAUUSD"": 0.7349533142292324}",true,"{""USDJPY"": 3}",0.813129,1.000000,123,false,false,BLOCKED,portfolio.median_oos_sharpe=-4.043 < 0.70; portfolio.max_is_to_oos_sharpe_degradation_pct=497163.8% > 30%; portfolio.max_per_pair_net_profit_share=73.5% (worst: XAUUSD) > 40%,,0.041416,1.716908,71.175311,0.606290
"V3|atr_stop_mult=1.5,bb_length=30,bb_std=1.5",V3,"{""atr_stop_mult"": 1.5, ""bb_length"": 30, ""bb_std"": 1.5}",OK,5,2.320238,0.000000,-0.877320,3.891088,3249.106161,121,18,3,0.627756,"{""EURUSD"": 0.2522121945769072, ""GBPUSD"": 0.12003206314831262, ""XAUUSD"": 0.6277557422747801}",false,"{""USDJPY"": 2}",0.855409,1.000000,123,false,false,BLOCKED,portfolio.median_oos_sharpe=-0.877 < 0.70; portfolio.max_is_to_oos_sharpe_degradation_pct=3249.1% > 30%; portfolio.max_per_pair_net_profit_share=62.8% (worst: XAUUSD) > 40%,,0.189138,2.463149,32.077676,0.744625
"V3|atr_stop_mult=1.5,bb_length=30,bb_std=2.0",V3,"{""atr_stop_mult"": 1.5, ""bb_length"": 30, ""bb_std"": 2.0}",OK,5,1.395354,0.000000,-1.404718,3.135138,1613.510157,87,12,4,0.582018,"{""EURUSD"": 0.2546846996284312, ""GBPUSD"": 0.163297273572269, ""XAUUSD"": 0.5820180267992997}",false,"{""USDJPY"": 1}",0.718911,1.000000,123,false,false,BLOCKED,portfolio.median_oos_sharpe=-1.405 < 0.70; portfolio.max_is_to_oos_sharpe_degradation_pct=1613.5% > 30%; portfolio.max_per_pair_net_profit_share=58.2% (worst: XAUUSD) > 40%,,0.268949,2.755981,28.241104,0.789904
"V3|atr_stop_mult=1.5,bb_length=30,bb_std=2.5",V3,"{""atr_stop_mult"": 1.5, ""bb_length"": 30, ""bb_std"": 2.5}",OK,5,1.757979,0.000000,-14.304214,2.515330,321267.728036,45,7,3,0.748159,"{""EURUSD"": 0.18706564825439684, ""GBPUSD"": 0.0647753806555867, ""XAUUSD"": 0.7481589710900164}",false,"{""USDJPY"": 2}",0.816110,1.000000,123,false,false,BLOCKED,portfolio.median_oos_sharpe=-14.304 < 0.70; portfolio.max_is_to_oos_sharpe_degradation_pct=321267.7% > 30%; portfolio.max_per_pair_net_profit_share=74.8% (worst: XAUUSD) > 40%,,0.050808,1.646644,53.365868,0.607880
"V3|atr_stop_mult=2.0,bb_length=14,bb_std=1.5",V3,"{""atr_stop_mult"": 2.0, ""bb_length"": 14, ""bb_std"": 1.5}",OK,5,1.553490,0.005248,-0.720674,2.401250,1806.650291,212,34,3,0.446477,"{""EURUSD"": 0.20631774559669247, ""GBPUSD"": 0.34720476049997323, ""XAUUSD"": 0.44647749390333435}",false,"{""USDJPY"": 2}",0.739311,1.000000,123,false,false,BLOCKED,portfolio.median_oos_sharpe=-0.721 < 0.70; portfolio.max_is_to_oos_sharpe_degradation_pct=1806.7% > 30%; portfolio.max_per_pair_net_profit_share=44.6% (worst: XAUUSD) > 40%,,0.013874,0.756915,41.295705,0.448392
"V3|atr_stop_mult=2.0,bb_length=14,bb_std=2.0",V3,"{""atr_stop_mult"": 2.0, ""bb_length"": 14, ""bb_std"": 2.0}",OK,5,1.127961,0.218076,-1.388192,2.395012,4122.464636,139,20,3,0.404055,"{""EURUSD"": 0.2807210979627553, ""GBPUSD"": 0.3152239851177151, ""XAUUSD"": 0.40405491691952966}",true,"{""USDJPY"": 3}",0.850665,1.000000,123,false,false,BLOCKED,portfolio.median_oos_pf=1.128 < 1.30; portfolio.median_oos_sharpe=-1.388 < 0.70; portfolio.max_is_to_oos_sharpe_degradation_pct=4122.5% > 30%; portfolio.max_per_pair_net_profit_share=40.4% (worst: XAUUSD) > 40%,,0.083806,1.320823,20.816782,0.574491
"V3|atr_stop_mult=2.0,bb_length=14,bb_std=2.5",V3,"{""atr_stop_mult"": 2.0, ""bb_length"": 14, ""bb_std"": 2.5}",OK,5,2.073639,0.000000,-0.652365,1.434059,108915.201358,57,7,3,0.598691,"{""EURUSD"": 0.24468749546481433, ""GBPUSD"": 0.15662189969347934, ""XAUUSD"": 0.5986906048417063}",false,"{""USDJPY"": 2}",0.805769,1.000000,123,false,false,BLOCKED,portfolio.median_oos_sharpe=-0.652 < 0.70; portfolio.max_is_to_oos_sharpe_degradation_pct=108915.2% > 30%; portfolio.max_per_pair_net_profit_share=59.9% (worst: XAUUSD) > 40%,,0.062116,1.837488,54.355874,0.633906
"V3|atr_stop_mult=2.0,bb_length=20,bb_std=1.5",V3,"{""atr_stop_mult"": 2.0, ""bb_length"": 20, ""bb_std"": 1.5}",OK,5,1.369666,0.000000,-2.960710,2.497200,12257.814848,165,30,4,0.526534,"{""EURUSD"": 0.23795088540728537, ""GBPUSD"": 0.2355148093922266, ""XAUUSD"": 0.5265343052004879}",false,"{""USDJPY"": 2}",0.799599,1.000000,123,false,false,BLOCKED,portfolio.median_oos_sharpe=-2.961 < 0.70; portfolio.max_is_to_oos_sharpe_degradation_pct=12257.8% > 30%; portfolio.max_per_pair_net_profit_share=52.7% (worst: XAUUSD) > 40%,,0.208587,2.524834,30.561842,0.756057
"V3|atr_stop_mult=2.0,bb_length=20,bb_std=2.0",V3,"{""atr_stop_mult"": 2.0, ""bb_length"": 20, ""bb_std"": 2.0}",OK,5,1.053560,0.110616,-2.547039,3.040802,6406.979433,121,20,3,0.499575,"{""EURUSD"": 0.22345409786593276, ""GBPUSD"": 0.2769708008384202, ""XAUUSD"": 0.499575101295647}",false,"{""USDJPY"": 1}",0.851192,1.000000,123,false,false,BLOCKED,portfolio.median_oos_pf=1.054 < 1.30; portfolio.median_oos_sharpe=-2.547 < 0.70; portfolio.max_is_to_oos_sharpe_degradation_pct=6407.0% > 30%; portfolio.max_per_pair_net_profit_share=50.0% (worst: XAUUSD) > 40%,,0.098512,0.930425,8.787675,0.476133
"V3|atr_stop_mult=2.0,bb_length=20,bb_std=2.5",V3,"{""atr_stop_mult"": 2.0, ""bb_length"": 20, ""bb_std"": 2.5}",OK,5,2.881140,0.059143,-2.910420,1.516625,11697.827844,58,9,4,0.720597,"{""EURUSD"": 0.13164638605164594, ""GBPUSD"": 0.14775671573933225, ""XAUUSD"": 0.7205968982090218}",true,"{""USDJPY"": 3}",0.811765,1.000000,123,false,false,BLOCKED,portfolio.median_oos_sharpe=-2.910 < 0.70; portfolio.max_is_to_oos_sharpe_degradation_pct=11697.8% > 30%; portfolio.max_per_pair_net_profit_share=72.1% (worst: XAUUSD) > 40%,,0.042110,1.694123,68.155533,0.604558
"V3|atr_stop_mult=2.0,bb_length=30,bb_std=1.5",V3,"{""atr_stop_mult"": 2.0, ""bb_length"": 30, ""bb_std"": 1.5}",OK,5,2.415174,0.076034,-1.131541,2.652265,2493.744812,113,17,3,0.653938,"{""EURUSD"": 0.21386181304065854, ""GBPUSD"": 0.1321997679497005, ""XAUUSD"": 0.6539384190096409}",false,"{""USDJPY"": 2}",0.856960,1.000000,123,false,false,BLOCKED,portfolio.median_oos_sharpe=-1.132 < 0.70; portfolio.max_is_to_oos_sharpe_degradation_pct=2493.7% > 30%; portfolio.max_per_pair_net_profit_share=65.4% (worst: XAUUSD) > 40%,,0.041117,1.372527,45.816643,0.566734
"V3|atr_stop_mult=2.0,bb_length=30,bb_std=2.0",V3,"{""atr_stop_mult"": 2.0, ""bb_length"": 30, ""bb_std"": 2.0}",OK,5,1.103602,0.000000,-2.242335,2.682094,1576.011549,84,12,4,0.574510,"{""EURUSD"": 0.23838291717533971, ""GBPUSD"": 0.18710658801696908, ""XAUUSD"": 0.5745104948076911}",false,"{""USDJPY"": 2}",0.698757,1.000000,123,false,false,BLOCKED,portfolio.median_oos_pf=1.104 < 1.30; portfolio.median_oos_sharpe=-2.242 < 0.70; portfolio.max_is_to_oos_sharpe_degradation_pct=1576.0% > 30%; portfolio.max_per_pair_net_profit_share=57.5% (worst: XAUUSD) > 40%,,0.178004,2.521176,35.708915,0.743279
"V3|atr_stop_mult=2.0,bb_length=30,bb_std=2.5",V3,"{""atr_stop_mult"": 2.0, ""bb_length"": 30, ""bb_std"": 2.5}",OK,5,1.316776,0.000000,-1.453247,1.638278,7441.180829,45,7,3,0.737250,"{""EURUSD"": 0.19826022465307666, ""GBPUSD"": 0.06448961239788083, ""XAUUSD"": 0.7372501629490426}",false,"{""USDJPY"": 2}",0.886008,1.000000,123,false,false,BLOCKED,portfolio.median_oos_sharpe=-1.453 < 0.70; portfolio.max_is_to_oos_sharpe_degradation_pct=7441.2% > 30%; portfolio.max_per_pair_net_profit_share=73.7% (worst: XAUUSD) > 40%,,0.087600,2.050898,48.015872,0.667253
"V3|atr_stop_mult=2.5,bb_length=14,bb_std=1.5",V3,"{""atr_stop_mult"": 2.5, ""bb_length"": 14, ""bb_std"": 1.5}",OK,5,1.516380,0.025989,-0.689244,1.900230,1742.397728,209,33,3,0.424614,"{""EURUSD"": 0.21299068867898668, ""GBPUSD"": 0.3623954809145305, ""XAUUSD"": 0.4246138304064828}",false,"{""USDJPY"": 2}",0.753487,1.000000,123,false,false,BLOCKED,portfolio.median_oos_sharpe=-0.689 < 0.70; portfolio.max_is_to_oos_sharpe_degradation_pct=1742.4% > 30%; portfolio.max_per_pair_net_profit_share=42.5% (worst: XAUUSD) > 40%,,0.023303,0.768945,25.373828,0.444345
"V3|atr_stop_mult=2.5,bb_length=14,bb_std=2.0",V3,"{""atr_stop_mult"": 2.5, ""bb_length"": 14, ""bb_std"": 2.0}",OK,5,1.121825,0.190784,-1.621255,1.853206,3130.167141,139,20,3,0.393845,"{""EURUSD"": 0.2838998128532719, ""GBPUSD"": 0.3222556574004008, ""XAUUSD"": 0.3938445297463274}",true,"{""USDJPY"": 3}",0.856760,1.000000,123,false,false,BLOCKED,portfolio.median_oos_pf=1.122 < 1.30; portfolio.median_oos_sharpe=-1.621 < 0.70; portfolio.max_is_to_oos_sharpe_degradation_pct=3130.2% > 30%,,0.076620,1.216290,19.307708,0.552480
"V3|atr_stop_mult=2.5,bb_length=14,bb_std=2.5",V3,"{""atr_stop_mult"": 2.5, ""bb_length"": 14, ""bb_std"": 2.5}",OK,5,1.831995,0.000000,-0.880854,1.171926,2473.568708,57,7,3,0.601872,"{""EURUSD"": 0.24614771238862948, ""GBPUSD"": 0.15198066083423833, ""XAUUSD"": 0.6018716267771322}",false,"{""USDJPY"": 2}",0.810990,1.000000,123,false,false,BLOCKED,portfolio.median_oos_sharpe=-0.881 < 0.70; portfolio.max_is_to_oos_sharpe_degradation_pct=2473.6% > 30%; portfolio.max_per_pair_net_profit_share=60.2% (worst: XAUUSD) > 40%,,0.048993,1.701877,59.118244,0.612598
"V3|atr_stop_mult=2.5,bb_length=20,bb_std=1.5",V3,"{""atr_stop_mult"": 2.5, ""bb_length"": 20, ""bb_std"": 1.5}",OK,5,1.455869,0.000000,-2.574988,2.148903,11620.890336,161,30,4,0.520483,"{""EURUSD"": 0.24173854660523728, ""GBPUSD"": 0.237778948414377, ""XAUUSD"": 0.5204825049803858}",false,"{""USDJPY"": 2}",0.801495,1.000000,123,false,false,BLOCKED,portfolio.median_oos_sharpe=-2.575 < 0.70; portfolio.max_is_to_oos_sharpe_degradation_pct=11620.9% > 30%; portfolio.max_per_pair_net_profit_share=52.0% (worst: XAUUSD) > 40%,,0.212272,2.536425,30.307530,0.758155
"V3|atr_stop_mult=2.5,bb_length=20,bb_std=2.0",V3,"{""atr_stop_mult"": 2.5, ""bb_length"": 20, ""bb_std"": 2.0}",OK,5,0.949835,0.001694,-2.924711,2.479637,9074.799401,120,20,2,0.483019,"{""EURUSD"": 0.21109174346032394, ""GBPUSD"": 0.3058895833955958, ""XAUUSD"": 0.4830186731440802}",false,"{""USDJPY"": 1}",0.860315,1.000000,123,false,false,BLOCKED,portfolio.median_oos_pf=0.950 < 1.30; portfolio.median_oos_sharpe=-2.925 < 0.70; portfolio.folds_with_oos_pf>1=2 < 3; portfolio.max_is_to_oos_sharpe_degradation_pct=9074.8% > 30%; portfolio.max_per_pair_net_profit_share=48.3% (worst: XAUUSD) > 40%,,0.047909,0.805784,13.552546,0.443344
"V3|atr_stop_mult=2.5,bb_length=20,bb_std=2.5",V3,"{""atr_stop_mult"": 2.5, ""bb_length"": 20, ""bb_std"": 2.5}",OK,5,2.536088,0.066007,-3.180148,1.313870,23844.933624,57,9,4,0.689439,"{""EURUSD"": 0.14601774209858276, ""GBPUSD"": 0.1645431475096474, ""XAUUSD"": 0.6894391103917699}",true,"{""USDJPY"": 4}",0.802561,1.000000,123,false,false,BLOCKED,portfolio.median_oos_sharpe=-3.180 < 0.70; portfolio.max_is_to_oos_sharpe_degradation_pct=23844.9% > 30%; portfolio.max_per_pair_net_profit_share=68.9% (worst: XAUUSD) > 40%,,0.045000,1.643027,59.989194,0.601234
"V3|atr_stop_mult=2.5,bb_length=30,bb_std=1.5",V3,"{""atr_stop_mult"": 2.5, ""bb_length"": 30, ""bb_std"": 1.5}",OK,5,2.490531,0.000000,-1.627115,1.748881,3493.704835,110,17,3,0.661092,"{""EURUSD"": 0.19148841760312957, ""GBPUSD"": 0.1474192078583613, ""XAUUSD"": 0.6610923745385091}",true,"{""USDJPY"": 3}",0.855081,1.000000,123,false,false,BLOCKED,portfolio.median_oos_sharpe=-1.627 < 0.70; portfolio.max_is_to_oos_sharpe_degradation_pct=3493.7% > 30%; portfolio.max_per_pair_net_profit_share=66.1% (worst: XAUUSD) > 40%,,0.290013,2.174985,16.311570,0.763876
"V3|atr_stop_mult=2.5,bb_length=30,bb_std=2.0",V3,"{""atr_stop_mult"": 2.5, ""bb_length"": 30, ""bb_std"": 2.0}",OK,5,1.041763,0.000000,-2.277343,1.840814,1476.823329,84,12,3,0.581767,"{""EURUSD"": 0.21900791426497845, ""GBPUSD"": 0.19922464347188126, ""XAUUSD"": 0.5817674422631404}",false,"{""USDJPY"": 1}",0.707146,1.000000,123,false,false,BLOCKED,portfolio.median_oos_pf=1.042 < 1.30; portfolio.median_oos_sharpe=-2.277 < 0.70; portfolio.max_is_to_oos_sharpe_degradation_pct=1476.8% > 30%; portfolio.max_per_pair_net_profit_share=58.2% (worst: XAUUSD) > 40%,,0.130662,2.221590,37.772843,0.702605
"V3|atr_stop_mult=2.5,bb_length=30,bb_std=2.5",V3,"{""atr_stop_mult"": 2.5, ""bb_length"": 30, ""bb_std"": 2.5}",OK,5,1.238090,0.000000,-2.311561,1.506476,6419.146372,45,7,3,0.745956,"{""EURUSD"": 0.19116883464510745, ""GBPUSD"": 0.0628755694096812, ""XAUUSD"": 0.7459555959452113}",false,"{""USDJPY"": 2}",0.916214,1.000000,123,false,false,BLOCKED,portfolio.median_oos_pf=1.238 < 1.30; portfolio.median_oos_sharpe=-2.312 < 0.70; portfolio.max_is_to_oos_sharpe_degradation_pct=6419.1% > 30%; portfolio.max_per_pair_net_profit_share=74.6% (worst: XAUUSD) > 40%,,0.040119,1.601808,63.953655,0.596467
