trade_id,entry_time,exit_time,entry_timestamp,exit_timestamp,side,entry_price,stop_loss,take_profit,exit_price,exit_reason,planned_rr_at_entry,realized_r_multiple,risk_amount,intended_qty,filled_qty,qty,gross_pnl,fees,slippage_cost,net_pnl,pnl,r_multiple,equity_after_trade,reason_for_entry,reason_for_exit,mode,signal_id
1,2025-09-01 08:00:00+00:00,2025-09-01 13:45:00+00:00,2025-09-01 08:00:00+00:00,2025-09-01 13:45:00+00:00,long,2.8063611600000002,2.757883715381949,2.903316049236103,2.75564876,stack_flip,2.0,-1.1034699824107677,99.99999999999999,2062.815001654674,2062.815001654674,2062.815001654674,-104.61029948991269,5.736698751164057,2.294675407840659,-110.34699824107675,-110.34699824107675,-1.1034699824107677,9889.653001758923,stacked_mtf_v3.3_2h_sync,stack_flip,BACKTEST_ONLY,long-2025-09-01 08:00:00+00:00
2,2025-09-02 04:00:00+00:00,2025-09-02 12:30:00+00:00,2025-09-02 04:00:00+00:00,2025-09-02 12:30:00+00:00,long,2.79615912,2.7691294366113257,2.8502184867773486,2.77974394,stack_flip,2.0,-0.7104460401503035,95.60049267203217,3536.8706061902953,3536.8706061902953,3536.8706061902953,-58.05836763732311,9.860623817940262,3.9442473626112933,-67.91899145526337,-67.91899145526337,-0.7104460401503035,9821.73401030366,stacked_mtf_v3.3_2h_sync,stack_flip,BACKTEST_ONLY,long-2025-09-02 04:00:00+00:00
3,2025-09-02 14:00:00+00:00,2025-09-02 15:45:00+00:00,2025-09-02 14:00:00+00:00,2025-09-02 15:45:00+00:00,long,2.8187636400000002,2.783847592981907,2.888595734036187,2.79154158,stack_flip,2.0,-0.8599831646016562,98.2173401030366,2812.957035260628,2812.957035260628,2812.957035260628,-76.57448519128738,7.890773769279213,3.1563065709845404,-84.46525896056659,-84.46525896056659,-0.8599831646016562,9737.268751343094,stacked_mtf_v3.3_2h_sync,stack_flip,BACKTEST_ONLY,long-2025-09-02 14:00:00+00:00
4,2025-09-02 22:00:00+00:00,2025-09-03 06:00:00+00:00,2025-09-02 22:00:00+00:00,2025-09-03 06:00:00+00:00,long,2.84146818,2.8111424267219967,2.902119686556007,2.81933602,stack_flip,2.0,-0.8231473055644208,97.37268751343093,3210.8909750993525,3210.8909750993525,3210.8909750993525,-71.06395280345474,9.088112558792256,3.635242326368483,-80.152065362247,-80.152065362247,-0.8231473055644208,9657.116685980847,stacked_mtf_v3.3_2h_sync,stack_flip,BACKTEST_ONLY,long-2025-09-02 22:00:00+00:00
5,2025-09-03 10:00:00+00:00,2025-09-03 21:30:00+00:00,2025-09-03 10:00:00+00:00,2025-09-03 21:30:00+00:00,long,2.84736936,2.829595177540151,2.8829177249196984,2.84853018,stack_flip,2.0,-0.09492024591348568,60.282784672754104,3391.59254210028,3391.59254210028,3391.59254210028,3.9370284547206817,9.659085200208207,3.863634392109797,-5.722056745487524,-5.722056745487524,-0.09492024591348568,9651.39462923536,stacked_mtf_v3.3_2h_sync,stack_flip,BACKTEST_ONLY,long-2025-09-03 10:00:00+00:00
6,2025-09-05 12:00:00+00:00,2025-09-05 14:15:00+00:00,2025-09-05 12:00:00+00:00,2025-09-05 14:15:00+00:00,long,2.84376864,2.826764999902039,2.8777759201959214,2.82473494,stack_flip,2.0,-1.2860747265888488,57.70822506816492,3393.8747665616565,3393.8747665616565,3393.8747665616565,-64.59799414430475,9.619095632163207,3.8476358228509504,-74.21708977646796,-74.21708977646796,-1.2860747265888488,9577.177539458891,stacked_mtf_v3.3_2h_sync,stack_flip,BACKTEST_ONLY,long-2025-09-05 12:00:00+00:00
7,2025-09-05 20:00:00+00:00,2025-09-05 21:45:00+00:00,2025-09-05 20:00:00+00:00,2025-09-05 21:45:00+00:00,long,2.8519702799999997,2.828677247837466,2.8985563443250673,2.8239351,stack_flip,2.0,-1.3254235204147644,78.22013644998849,3358.091634622115,3358.091634622115,3358.091634622115,-94.14470343312465,9.530105187742329,3.8120384617903325,-103.67480862086697,-103.67480862086697,-1.3254235204147644,9473.502730838025,stacked_mtf_v3.3_2h_sync,stack_flip,BACKTEST_ONLY,long-2025-09-05 20:00:00+00:00
8,2025-09-07 08:00:00+00:00,2025-09-09 00:30:00+00:00,2025-09-07 08:00:00+00:00,2025-09-09 00:30:00+00:00,long,2.8312661400000003,2.824974214602577,2.8438499907948467,2.9507097399999997,stack_flip,2.0,18.52415670849067,21.052974000783134,3346.030455066306,3346.030455066306,3346.030455066306,399.6619232627559,9.673333692469402,3.8693496182386764,389.98858957028654,389.98858957028654,18.52415670849067,9863.491320408311,stacked_mtf_v3.3_2h_sync,stack_flip,BACKTEST_ONLY,long-2025-09-07 08:00:00+00:00
9,2025-09-09 06:00:00+00:00,2025-09-09 14:15:00+00:00,2025-09-09 06:00:00+00:00,2025-09-09 14:15:00+00:00,long,2.98429674,2.9494596371087516,3.053970945782497,2.99010186,stack_flip,2.0,0.08088849146832121,98.63491320408312,2831.3179058543824,2831.3179058543824,2831.3179058543824,16.436140201632757,8.457710866445677,3.3830851393472843,7.97842933518708,7.97842933518708,0.08088849146832121,9871.469749743499,stacked_mtf_v3.3_2h_sync,stack_flip,BACKTEST_ONLY,long-2025-09-09 06:00:00+00:00
10,2025-09-10 08:00:00+00:00,2025-09-10 09:00:00+00:00,2025-09-10 08:00:00+00:00,2025-09-10 09:00:00+00:00,long,2.98429674,2.9629250728006262,3.0270400743987476,2.9627073399999997,stack_flip,2.0,-1.149320818579846,70.69329381105835,3307.80435384703,3307.80435384703,3307.80435384703,-71.41351131694611,9.835762994085027,3.9343024984656574,-81.24927431103114,-81.24927431103114,-1.149320818579846,9790.220475432468,stacked_mtf_v3.3_2h_sync,stack_flip,BACKTEST_ONLY,long-2025-09-10 08:00:00+00:00
11,2025-09-10 14:00:00+00:00,2025-09-10 19:15:00+00:00,2025-09-10 14:00:00+00:00,2025-09-10 19:15:00+00:00,long,3.01520292,2.9844417066133815,3.0767253467732374,2.97330522,stack_flip,2.0,-1.4593687676029257,97.90220475432469,3182.650941750981,3182.650941750981,3182.650941750981,-133.3457543622009,9.529665535727206,3.81186103293515,-142.8754198979281,-142.8754198979281,-1.4593687676029257,9647.34505553454,stacked_mtf_v3.3_2h_sync,stack_flip,BACKTEST_ONLY,long-2025-09-10 14:00:00+00:00
12,2025-09-11 04:00:00+00:00,2025-09-11 11:15:00+00:00,2025-09-11 04:00:00+00:00,2025-09-11 11:15:00+00:00,long,3.00480084,2.991123748608719,3.0321550227825624,3.00449898,stack_flip,2.0,-0.24175534222925615,43.91226807822984,3210.6437561880275,3210.6437561880275,3210.6437561880275,-0.9691649242428767,9.646860473072419,3.8587443048121424,-10.616025397315296,-10.616025397315296,-0.24175534222925615,9636.729030137225,stacked_mtf_v3.3_2h_sync,stack_flip,BACKTEST_ONLY,long-2025-09-11 04:00:00+00:00
13,2025-09-11 20:00:00+00:00,2025-09-12 10:45:00+00:00,2025-09-11 20:00:00+00:00,2025-09-12 10:45:00+00:00,long,3.02440476,2.9981547108056197,3.0769048583887604,3.04019184,stack_flip,2.0,0.4858955351112475,83.64112319212667,3186.3225311605534,3186.3225311605534,3186.3225311605534,50.302728705234,9.661880394489843,3.8647543244952582,40.64084831074416,40.64084831074416,0.4858955351112475,9677.36987844797,stacked_mtf_v3.3_2h_sync,stack_flip,BACKTEST_ONLY,long-2025-09-11 20:00:00+00:00
14,2025-09-12 18:00:00+00:00,2025-09-13 15:30:00+00:00,2025-09-12 18:00:00+00:00,2025-09-13 15:30:00+00:00,long,3.06971382,3.0351033439821213,3.1389347720357574,3.1305737600000003,stack_flip,2.0,1.6688529848639861,96.77369878447969,2796.0811268382845,2796.0811268382845,2796.0811268382845,170.16932961451116,8.66825354170391,3.4673083621470835,161.50107607280725,161.50107607280725,1.6688529848639861,9838.870954520777,stacked_mtf_v3.3_2h_sync,stack_flip,BACKTEST_ONLY,long-2025-09-12 18:00:00+00:00
15,2025-09-18 00:00:00+00:00,2025-09-18 19:30:00+00:00,2025-09-18 00:00:00+00:00,2025-09-18 19:30:00+00:00,long,3.0957190199999998,3.046463669125515,3.194229721748969,3.09398108,stack_flip,2.0,-0.09811705660802493,98.38870954520776,1997.5232700286238,1997.5232700286238,1997.5232700286238,-3.4715755919134224,6.18203499212425,2.4728139568992344,-9.653610584037672,-9.653610584037672,-0.09811705660802493,9829.21734393674,stacked_mtf_v3.3_2h_sync,stack_flip,BACKTEST_ONLY,long-2025-09-18 00:00:00+00:00
16,2025-09-24 20:00:00+00:00,2025-09-25 01:30:00+00:00,2025-09-24 20:00:00+00:00,2025-09-25 01:30:00+00:00,long,2.96979384,2.943492275567461,3.022396968865078,2.8961206600000002,stack_flip,2.0,-2.9126076301083503,87.05109082352418,3309.7305313074326,3309.7305313074326,3309.7305313074326,-243.83837318450702,9.707298157344487,3.8829096647192536,-253.54567134185152,-253.54567134185152,-2.9126076301083503,9575.671672594888,stacked_mtf_v3.3_2h_sync,stack_flip,BACKTEST_ONLY,long-2025-09-24 20:00:00+00:00
17,2025-09-29 00:00:00+00:00,2025-09-29 12:45:00+00:00,2025-09-29 00:00:00+00:00,2025-09-29 12:45:00+00:00,long,2.86067202,2.842937434372785,2.89614119125443,2.84773034,stack_flip,2.0,-0.8906822810542562,59.36387255457964,3347.3504147444655,3347.3504147444655,3347.3504147444655,-43.32033791549001,9.554011503637144,3.821603021505461,-52.87434941912715,-52.87434941912715,-0.8906822810542562,9522.79732317576,stacked_mtf_v3.3_2h_sync,stack_flip,BACKTEST_ONLY,long-2025-09-29 00:00:00+00:00
18,2025-09-29 14:00:00+00:00,2025-09-29 23:45:00+00:00,2025-09-29 14:00:00+00:00,2025-09-29 23:45:00+00:00,long,2.9046808200000003,2.8662888815034533,2.9814646969930942,2.87762436,stack_flip,2.0,-0.780049504212813,95.22797323175759,2480.41586231241,2480.41586231241,2480.41586231241,-67.11127256202192,7.171260744601608,2.8685017281298095,-74.28253330662353,-74.28253330662353,-0.780049504212813,9448.514789869138,stacked_mtf_v3.3_2h_sync,stack_flip,BACKTEST_ONLY,long-2025-09-29 14:00:00+00:00
19,2025-10-01 10:00:00+00:00,2025-10-02 13:30:00+00:00,2025-10-01 10:00:00+00:00,2025-10-02 13:30:00+00:00,long,2.92318452,2.910527155022919,2.948499249954162,2.9670064800000002,stack_flip,2.0,3.229492439699516,40.91199148342532,3232.26766056805,3232.26766056805,3232.26766056805,141.64430413070752,9.519336941934492,3.8077405948555856,132.12496718877304,132.12496718877304,3.229492439699516,9580.63975705791,stacked_mtf_v3.3_2h_sync,stack_flip,BACKTEST_ONLY,long-2025-10-01 10:00:00+00:00
20,2025-10-02 16:00:00+00:00,2025-10-03 00:00:00+00:00,2025-10-02 16:00:00+00:00,2025-10-03 00:00:00+00:00,long,3.02880564,2.9541614363366087,3.1780940473267822,3.01949598,stack_flip,2.0,-0.16523467603217315,95.80639757057911,1283.5075313097188,1283.5075313097188,1283.5075313097188,-11.949018723932834,3.8815203404513863,1.5526077203241144,-15.83053906438422,-15.83053906438422,-0.16523467603217315,9564.809217993527,stacked_mtf_v3.3_2h_sync,stack_flip,BACKTEST_ONLY,long-2025-10-02 16:00:00+00:00
21,2025-10-03 10:00:00+00:00,2025-10-03 12:30:00+00:00,2025-10-03 10:00:00+00:00,2025-10-03 12:30:00+00:00,long,3.04430874,3.0245346355535014,3.083856948892997,3.0253948,stack_flip,2.0,-1.109976526592413,62.12758055788909,3141.865702489008,3141.865702489008,3141.865702489008,-59.425059384935004,9.535096688301058,3.8140364508795064,-68.96015607323606,-68.96015607323606,-1.109976526592413,9495.849061920291,stacked_mtf_v3.3_2h_sync,stack_flip,BACKTEST_ONLY,long-2025-10-03 10:00:00+00:00
22,2025-10-03 16:00:00+00:00,2025-10-03 17:30:00+00:00,2025-10-03 16:00:00+00:00,2025-10-03 17:30:00+00:00,long,3.08391666,3.030127280852226,3.1914954182955473,3.04079172,stack_flip,2.0,-0.8586694050346076,94.9584906192029,1765.3762159687085,1765.3762159687085,1765.3762159687085,-76.13174339107721,5.4062072518981195,2.1624799419887095,-81.53795064297533,-81.53795064297533,-0.8586694050346076,9414.311111277317,stacked_mtf_v3.3_2h_sync,stack_flip,BACKTEST_ONLY,long-2025-10-03 16:00:00+00:00
23,2025-10-05 08:00:00+00:00,2025-10-05 10:00:00+00:00,2025-10-05 08:00:00+00:00,2025-10-05 10:00:00+00:00,long,3.0581115000000003,3.030637037216988,3.1130604255660246,2.9994,stack_flip,2.0,-2.247187005533559,84.57936875568016,3078.4721588069356,3078.4721588069356,3078.4721588069356,-180.74171815179417,9.323940252201421,3.729569020394602,-190.0656584039956,-190.0656584039956,-2.247187005533559,9224.245452873321,stacked_mtf_v3.3_2h_sync,stack_flip,BACKTEST_ONLY,long-2025-10-05 08:00:00+00:00
24,2025-10-19 14:00:00+00:00,2025-10-20 00:15:00+00:00,2025-10-19 14:00:00+00:00,2025-10-20 00:15:00+00:00,long,2.4037806600000002,2.3679302289536848,2.475481522092631,2.3630273,stack_flip,2.0,-1.2032425474681554,92.24245452873322,2572.9803474207724,2572.9803474207724,2572.9803474207724,-104.857594371364,6.132451600504453,2.452976544017068,-110.99004597186845,-110.99004597186845,-1.2032425474681554,9113.255406901453,stacked_mtf_v3.3_2h_sync,stack_flip,BACKTEST_ONLY,long-2025-10-19 14:00:00+00:00
25,2025-10-20 04:00:00+00:00,2025-10-20 16:30:00+00:00,2025-10-20 04:00:00+00:00,2025-10-20 16:30:00+00:00,long,2.44108812,2.4103825790708875,2.5024992018582246,2.43511288,stack_flip,2.0,-0.27400072577854845,91.13255406901453,2967.95142868206,2967.95142868206,2967.95142868206,-17.734222094717346,7.236163862245445,2.894464951307892,-24.97038595696279,-24.97038595696279,-0.27400072577854845,9088.28502094449,stacked_mtf_v3.3_2h_sync,stack_flip,BACKTEST_ONLY,long-2025-10-20 04:00:00+00:00
26,2025-10-20 20:00:00+00:00,2025-10-21 01:30:00+00:00,2025-10-20 20:00:00+00:00,2025-10-21 01:30:00+00:00,long,2.5270053,2.495081626375974,2.5908526472480515,2.4720055000000003,stack_flip,2.0,-1.8011493939320795,90.8828502094449,2846.879443756946,2846.879443756946,2846.879443756946,-156.57780003074214,7.115790542819483,2.846310067868194,-163.69359057356164,-163.69359057356164,-1.8011493939320795,8924.591430370929,stacked_mtf_v3.3_2h_sync,stack_flip,BACKTEST_ONLY,long-2025-10-20 20:00:00+00:00
27,2025-10-21 16:00:00+00:00,2025-10-21 20:30:00+00:00,2025-10-21 16:00:00+00:00,2025-10-21 20:30:00+00:00,long,2.52070404,2.4763587814000205,2.609394557199959,2.47110568,stack_flip,2.0,-1.1747426107021086,89.24591430370928,2012.5243852733001,2012.5243852733001,2012.5243852733001,-99.81790896956397,5.0230693940721425,2.009223845281452,-104.84097836363611,-104.84097836363611,-1.1747426107021086,8819.750452007293,stacked_mtf_v3.3_2h_sync,stack_flip,BACKTEST_ONLY,long-2025-10-21 16:00:00+00:00
28,2025-10-24 14:00:00+00:00,2025-10-26 02:45:00+00:00,2025-10-24 14:00:00+00:00,2025-10-26 02:45:00+00:00,long,2.4986996400000003,2.474135099992505,2.547828720014991,2.5964806,stack_flip,2.0,3.8768635541695873,86.70634491885502,3529.736151883902,3529.736151883902,3529.736151883902,345.1409894779127,8.992320946746249,3.596942328215772,336.14866853116644,336.14866853116644,3.8768635541695873,9155.89912053846,stacked_mtf_v3.3_2h_sync,stack_flip,BACKTEST_ONLY,long-2025-10-24 14:00:00+00:00
29,2025-10-27 02:00:00+00:00,2025-10-27 03:15:00+00:00,2025-10-27 02:00:00+00:00,2025-10-27 03:15:00+00:00,long,2.6704339800000003,2.637373204781466,2.7365555304370686,2.6357727399999997,stack_flip,2.0,-1.1286590563394259,91.55899120538459,2769.414528249051,2769.414528249051,2769.414528249051,-95.99134162312878,7.347542990130372,2.939013473959023,-103.33888461325915,-103.33888461325915,-1.1286590563394259,9052.5602359252,stacked_mtf_v3.3_2h_sync,stack_flip,BACKTEST_ONLY,long-2025-10-27 02:00:00+00:00
30,2025-10-27 16:00:00+00:00,2025-10-27 20:00:00+00:00,2025-10-27 16:00:00+00:00,2025-10-27 20:00:00+00:00,long,2.6750349,2.638940929537006,2.7472228409259882,2.64427104,stack_flip,2.0,-0.9260137508082666,90.525602359252,2508.053317438843,2508.053317438843,2508.053317438843,-77.15740113022406,6.670551454644571,2.6682176022904875,-83.82795258486863,-83.82795258486863,-0.9260137508082666,8968.732283340332,stacked_mtf_v3.3_2h_sync,stack_flip,BACKTEST_ONLY,long-2025-10-27 16:00:00+00:00
31,2025-10-28 18:00:00+00:00,2025-10-28 19:15:00+00:00,2025-10-28 18:00:00+00:00,2025-10-28 19:15:00+00:00,long,2.67423474,2.6329634806755893,2.756777258648822,2.63467296,stack_flip,2.0,-1.022896672916164,89.68732283340333,2173.118152960154,2173.118152960154,2173.118152960154,-85.97242228141619,5.76844184762997,2.3073733924500326,-91.74086412904616,-91.74086412904616,-1.022896672916164,8876.991419211286,stacked_mtf_v3.3_2h_sync,stack_flip,BACKTEST_ONLY,long-2025-10-28 18:00:00+00:00
32,2025-10-29 12:00:00+00:00,2025-10-29 13:45:00+00:00,2025-10-29 12:00:00+00:00,2025-10-29 13:45:00+00:00,long,2.6549308799999998,2.632544374676369,2.6997038906472617,2.63467296,stack_flip,2.0,-1.0230592756174337,74.851220105587,3343.5866395178195,3343.5866395178195,3343.5866395178195,-67.73411065641984,8.843124363883076,3.5372471776786916,-76.57723502030292,-76.57723502030292,-1.0230592756174337,8800.414184190984,stacked_mtf_v3.3_2h_sync,stack_flip,BACKTEST_ONLY,long-2025-10-29 12:00:00+00:00
33,2025-10-29 18:00:00+00:00,2025-10-29 18:30:00+00:00,2025-10-29 18:00:00+00:00,2025-10-29 18:30:00+00:00,long,2.64572904,2.6234393286999325,2.690308462600135,2.58088372,stack_flip,2.0,-3.026446842305918,74.14164055387782,3326.271908853895,3326.271908853895,3326.271908853895,-215.69316633664124,8.692567601022663,3.4770185517631544,-224.3857339376639,-224.3857339376639,-3.026446842305918,8576.02845025332,stacked_mtf_v3.3_2h_sync,stack_flip,BACKTEST_ONLY,long-2025-10-29 18:00:00+00:00
34,2025-11-02 08:00:00+00:00,2025-11-02 15:15:00+00:00,2025-11-02 08:00:00+00:00,2025-11-02 15:15:00+00:00,long,2.53570704,2.523277192446577,2.560566735106846,2.5077983400000003,stack_flip,2.0,-2.448175857283111,42.039054421076756,3382.1053911075305,3382.1053911075305,3382.1053911075305,-94.39016472880202,8.528833367888918,3.411529708010166,-102.91899809669094,-102.91899809669094,-2.448175857283111,8473.109452156628,stacked_mtf_v3.3_2h_sync,stack_flip,BACKTEST_ONLY,long-2025-11-02 08:00:00+00:00
35,2025-11-03 00:00:00+00:00,2025-11-03 01:00:00+00:00,2025-11-03 00:00:00+00:00,2025-11-03 01:00:00+00:00,long,2.52860562,2.508437743125008,2.568941373749984,2.49780034,stack_flip,2.0,-1.652057040337979,67.58057754353396,3350.9019299564115,3350.9019299564115,3350.9019299564115,-103.2254722048478,8.421496716054204,3.3685946921465812,-111.64696892090201,-111.64696892090201,-1.652057040337979,8361.462483235726,stacked_mtf_v3.3_2h_sync,stack_flip,BACKTEST_ONLY,long-2025-11-03 00:00:00+00:00
36,2025-11-07 20:00:00+00:00,2025-11-08 12:00:00+00:00,2025-11-07 20:00:00+00:00,2025-11-08 12:00:00+00:00,long,2.3539707,2.2929633586777074,2.4759853826445855,2.2905417999999997,stack_flip,2.0,-1.077758099679296,83.61462483235726,1370.566607560124,1370.566607560124,1370.566607560124,-86.93353229427083,3.1828068704477954,1.2731193217625993,-90.11633916471862,-90.11633916471862,-1.077758099679296,8271.346144071007,stacked_mtf_v3.3_2h_sync,stack_flip,BACKTEST_ONLY,long-2025-11-07 20:00:00+00:00
37,2025-11-09 16:00:00+00:00,2025-11-11 00:30:00+00:00,2025-11-09 16:00:00+00:00,2025-11-11 00:30:00+00:00,long,2.3075614200000003,2.2884483490875516,2.345787561824898,2.5201958600000003,stack_flip,2.0,10.998785193805723,68.50991008206341,3584.453298786303,3584.453298786303,3584.453298786303,762.1782198935782,8.652435254017798,3.461004727176103,753.5257846395605,753.5257846395605,10.998785193805723,9024.871928710567,stacked_mtf_v3.3_2h_sync,stack_flip,BACKTEST_ONLY,long-2025-11-09 16:00:00+00:00
38,2025-11-13 06:00:00+00:00,2025-11-13 15:30:00+00:00,2025-11-13 06:00:00+00:00,2025-11-13 15:30:00+00:00,long,2.50360062,2.446231781584442,2.6183382968311153,2.4320135,stack_flip,2.0,-1.290856309893787,90.24871928710567,1573.1313685206378,1573.1313685206378,1573.1313685206378,-112.61594405405077,3.8821846975426917,1.552869436494092,-116.49812875159347,-116.49812875159347,-1.290856309893787,8908.373799958974,stacked_mtf_v3.3_2h_sync,stack_flip,BACKTEST_ONLY,long-2025-11-13 06:00:00+00:00
39,2025-11-23 06:00:00+00:00,2025-11-24 09:15:00+00:00,2025-11-23 06:00:00+00:00,2025-11-24 09:15:00+00:00,long,2.06921376,2.032498596313953,2.1426440873720938,2.04949002,stack_flip,2.0,-0.5932995989414095,89.08373799958973,2426.3472923980066,2426.3472923980066,2426.3472923980066,-47.856643144961964,4.996702882396217,1.9986793186399339,-52.853346027358185,-52.853346027358185,-0.5932995989414095,8855.520453931616,stacked_mtf_v3.3_2h_sync,stack_flip,BACKTEST_ONLY,long-2025-11-23 06:00:00+00:00
40,2025-11-24 14:00:00+00:00,2025-11-25 08:00:00+00:00,2025-11-24 14:00:00+00:00,2025-11-25 08:00:00+00:00,long,2.0861171400000003,2.0623673867957097,2.1336166464085813,2.20785834,stack_flip,2.0,5.035598106273983,88.55520453931616,3728.6789373170504,3728.6789373170504,3728.6789373170504,453.9338482437017,8.005427964815937,3.202189471367883,445.9284202788857,445.9284202788857,5.035598106273983,9301.448874210502,stacked_mtf_v3.3_2h_sync,stack_flip,BACKTEST_ONLY,long-2025-11-24 14:00:00+00:00
41,2025-11-26 18:00:00+00:00,2025-11-26 20:30:00+00:00,2025-11-26 18:00:00+00:00,2025-11-26 20:30:00+00:00,long,2.2438486799999997,2.2053189400828668,2.3209081598342656,2.2140571000000002,stack_flip,2.0,-0.8310601877631929,93.014488742105,2414.0959410095697,2414.0959410095697,2414.0959410095697,-71.91973235426063,5.38090612445055,2.1523596590853122,-77.30063847871118,-77.30063847871118,-0.8310601877631929,9224.148235731791,stacked_mtf_v3.3_2h_sync,stack_flip,BACKTEST_ONLY,long-2025-11-26 18:00:00+00:00
42,2025-11-27 20:00:00+00:00,2025-11-27 21:45:00+00:00,2025-11-27 20:00:00+00:00,2025-11-27 21:45:00+00:00,long,2.2319463,2.2093420890985973,2.277154721802806,2.2140571000000002,stack_flip,2.0,-0.8897546473852685,92.2414823573179,4080.721187732028,4080.721187732028,4080.721187732028,-73.00083747157554,9.071450137554319,3.6285772801313194,-82.07228760912986,-82.07228760912986,-0.8897546473852685,9142.075948122661,stacked_mtf_v3.3_2h_sync,stack_flip,BACKTEST_ONLY,long-2025-11-27 20:00:00+00:00
43,2025-11-28 06:00:00+00:00,2025-11-28 11:00:00+00:00,2025-11-28 06:00:00+00:00,2025-11-28 11:00:00+00:00,long,2.21334258,2.196151075735111,2.2477255885297778,2.209558,stack_flip,2.0,-0.3487786872871873,71.0084552984514,4130.438744879097,4130.438744879097,4130.438744879097,-15.631975865094686,9.134259960190112,3.6537035049451516,-24.7662358252848,-24.7662358252848,-0.3487786872871873,9117.309712297376,stacked_mtf_v3.3_2h_sync,stack_flip,BACKTEST_ONLY,long-2025-11-28 06:00:00+00:00
44,2025-11-28 16:00:00+00:00,2025-11-28 16:15:00+00:00,2025-11-28 16:00:00+00:00,2025-11-28 16:15:00+00:00,long,2.2324464,2.219469511887904,2.258400176224192,2.2085582,stack_flip,2.0,-2.011938615365242,52.99760299723607,4083.9993794688085,4083.9993794688085,4083.9993794688085,-97.5593939766269,9.068530015309063,3.627408248844196,-106.62792399193596,-106.62792399193596,-2.011938615365242,9010.68178830544,stacked_mtf_v3.3_2h_sync,stack_flip,BACKTEST_ONLY,long-2025-11-28 16:00:00+00:00
45,2025-11-29 16:00:00+00:00,2025-11-29 17:45:00+00:00,2025-11-29 16:00:00+00:00,2025-11-29 17:45:00+00:00,long,2.21954382,2.2002596460314794,2.2581121679370417,2.19796032,stack_flip,2.0,-1.2337708687361122,78.28795882059404,4059.699883873182,4059.699883873182,4059.699883873182,-87.62253244357764,8.96687052208365,3.586744847401956,-96.5894029656613,-96.5894029656613,-1.2337708687361122,8914.092385339778,stacked_mtf_v3.3_2h_sync,stack_flip,BACKTEST_ONLY,long-2025-11-29 16:00:00+00:00
46,2025-11-30 02:00:00+00:00,2025-11-30 05:15:00+00:00,2025-11-30 02:00:00+00:00,2025-11-30 05:15:00+00:00,long,2.21214234,2.1962430054895883,2.243941009020824,2.1920615,stack_flip,2.0,-1.4015015474646435,64.06827179630442,4029.6197148596584,4029.6197148596584,4029.6197148596584,-80.91814875494372,8.873633310962306,3.549450229636981,-89.79178206590602,-89.79178206590602,-1.4015015474646435,8824.300603273872,stacked_mtf_v3.3_2h_sync,stack_flip,BACKTEST_ONLY,long-2025-11-30 02:00:00+00:00
47,2025-11-30 14:00:00+00:00,2025-11-30 14:30:00+00:00,2025-11-30 14:00:00+00:00,2025-11-30 14:30:00+00:00,long,2.2036406399999997,2.196777583898284,2.2173667522034313,2.1920615,stack_flip,2.0,-2.0074134417399763,27.48255273540109,4004.4190704678026,4004.4190704678026,4004.4190704678026,-46.36772903561584,8.801116738756063,3.520444981611064,-55.1688457743719,-55.1688457743719,-2.0074134417399763,8769.131757499501,stacked_mtf_v3.3_2h_sync,stack_flip,BACKTEST_ONLY,long-2025-11-30 14:00:00+00:00
48,2025-12-02 18:00:00+00:00,2025-12-04 05:00:00+00:00,2025-12-02 18:00:00+00:00,2025-12-04 05:00:00+00:00,long,2.1733345799999997,2.135340962851895,2.2493218142962093,2.18196352,stack_flip,2.0,0.1697993356318844,87.69131757499501,2308.053935300795,2308.053935300795,2308.053935300795,19.916058924475276,5.026131459556536,2.01045346088311,14.88992746491874,14.88992746491874,0.1697993356318844,8784.02168496442,stacked_mtf_v3.3_2h_sync,stack_flip,BACKTEST_ONLY,long-2025-12-02 18:00:00+00:00
49,2025-12-07 18:00:00+00:00,2025-12-07 21:45:00+00:00,2025-12-07 18:00:00+00:00,2025-12-07 21:45:00+00:00,long,2.10102012,2.065169311603837,2.1727217367923255,2.0355928,stack_flip,2.0,-1.8826807394174159,87.84021684964421,2450.16000417569,2450.16000417569,2450.16000417569,-160.3074026444041,5.067681764670207,2.0270663746546322,-165.3750844090743,-165.3750844090743,-1.8826807394174159,8618.646600555347,stacked_mtf_v3.3_2h_sync,stack_flip,BACKTEST_ONLY,long-2025-12-07 18:00:00+00:00
50,2025-12-08 02:00:00+00:00,2025-12-08 15:30:00+00:00,2025-12-08 02:00:00+00:00,2025-12-08 15:30:00+00:00,long,2.06721336,2.0508310930507188,2.099977893898563,2.0695859999999997,stack_flip,2.0,0.018571319887619477,68.30111109180085,4169.209994151424,4169.209994151424,4169.209994151424,9.892034400521275,8.623592617755607,3.449437580761123,1.2684417827656684,1.2684417827656684,0.018571319887619477,8619.915042338112,stacked_mtf_v3.3_2h_sync,stack_flip,BACKTEST_ONLY,long-2025-12-08 02:00:00+00:00
51,2025-12-09 16:00:00+00:00,2025-12-09 21:45:00+00:00,2025-12-09 16:00:00+00:00,2025-12-09 21:45:00+00:00,long,2.15063004,2.1007106701993696,2.25046877960126,2.0859827199999996,stack_flip,2.0,-1.3374693359842327,86.19915042338113,1726.7676007859575,1726.7676007859575,1726.7676007859575,-111.63089765364235,3.6578228255221865,1.4631247234979574,-115.28872047916454,-115.28872047916454,-1.3374693359842327,8504.626321858948,stacked_mtf_v3.3_2h_sync,stack_flip,BACKTEST_ONLY,long-2025-12-09 16:00:00+00:00
52,2025-12-19 20:00:00+00:00,2025-12-21 02:00:00+00:00,2025-12-19 20:00:00+00:00,2025-12-21 02:00:00+00:00,long,1.90828158,1.8874008513444176,1.9500430373111646,1.9239151399999999,stack_flip,2.0,0.6569436280822826,85.04626321858949,4072.9547623259273,4072.9547623259273,4072.9547623259273,63.67478265410786,7.804181940446899,3.1216754480370836,55.87060071366096,55.87060071366096,0.6569436280822826,8560.496922572609,stacked_mtf_v3.3_2h_sync,stack_flip,BACKTEST_ONLY,long-2025-12-19 20:00:00+00:00
53,2025-12-21 10:00:00+00:00,2025-12-21 12:30:00+00:00,2025-12-21 10:00:00+00:00,2025-12-21 12:30:00+00:00,long,1.94768946,1.9360326283289744,1.9710031233420515,1.929614,stack_flip,2.0,-1.716942673174851,51.23417962469363,4395.206267929698,4395.206267929698,4395.206267929698,-79.44537508771322,8.520774235028751,3.408306652528763,-87.96614932274197,-87.96614932274197,-1.716942673174851,8472.530773249868,stacked_mtf_v3.3_2h_sync,stack_flip,BACKTEST_ONLY,long-2025-12-21 10:00:00+00:00
54,2025-12-22 00:00:00+00:00,2025-12-22 02:00:00+00:00,2025-12-22 00:00:00+00:00,2025-12-22 02:00:00+00:00,long,1.94078808,1.9171869265236852,1.9879903869526294,1.91081776,stack_flip,2.0,-1.3514645778652157,84.72530773249868,3589.879953008478,3589.879953008478,3589.879953008478,-107.58985095324863,6.91340129595319,2.7653563254014903,-114.50325224920182,-114.50325224920182,-1.3514645778652157,8358.027521000666,stacked_mtf_v3.3_2h_sync,stack_flip,BACKTEST_ONLY,long-2025-12-22 00:00:00+00:00
55,2025-12-22 12:00:00+00:00,2025-12-22 17:00:00+00:00,2025-12-22 12:00:00+00:00,2025-12-22 17:00:00+00:00,long,1.93528698,1.926917991039226,1.9520249579215483,1.92831426,stack_flip,2.0,-1.0639900066466828,36.14360080958155,4318.753553026366,4318.753553026366,4318.753553026366,-30.11345927425819,8.342970791363536,3.3371872454945337,-38.456430065621724,-38.456430065621724,-1.0639900066466828,8319.571090935044,stacked_mtf_v3.3_2h_sync,stack_flip,BACKTEST_ONLY,long-2025-12-22 12:00:00+00:00
56,2025-12-29 02:00:00+00:00,2025-12-29 09:30:00+00:00,2025-12-29 02:00:00+00:00,2025-12-29 09:30:00+00:00,long,1.8944788199999998,1.873076111644693,1.9372842367106133,1.87372518,stack_flip,2.0,-1.0577045495453234,83.19571090935044,3887.1580889771903,3887.1580889771903,3887.1580889771903,-80.67267960171935,7.323802329758102,2.92951782217677,-87.99648193147746,-87.99648193147746,-1.0577045495453234,8231.574609003566,stacked_mtf_v3.3_2h_sync,stack_flip,BACKTEST_ONLY,long-2025-12-29 02:00:00+00:00
57,2026-01-01 20:00:00+00:00,2026-01-03 11:00:00+00:00,2026-01-01 20:00:00+00:00,2026-01-03 11:00:00+00:00,long,1.87447482,1.8644300015666,1.8945644568668003,1.99930006,stack_flip,2.0,12.23400436501498,44.11084720168568,4391.403139255594,4391.403139255594,4391.403139255594,548.1579507943322,8.505653584400733,3.402283496169664,539.6522972099315,539.6522972099315,12.23400436501498,8771.226906213498,stacked_mtf_v3.3_2h_sync,stack_flip,BACKTEST_ONLY,long-2026-01-01 20:00:00+00:00
58,2026-01-04 00:00:00+00:00,2026-01-04 16:30:00+00:00,2026-01-04 00:00:00+00:00,2026-01-04 16:30:00+00:00,long,2.0304059999999997,2.0126802800325962,2.0658574399348066,2.08518288,stack_flip,2.0,2.974157645328235,76.57400141158722,4319.9374441434375,4319.9374441434375,4319.9374441434375,236.63269498535334,8.889543253706176,3.5558269090233456,227.74315173164717,227.74315173164717,2.974157645328235,8998.970057945146,stacked_mtf_v3.3_2h_sync,stack_flip,BACKTEST_ONLY,long-2026-01-04 00:00:00+00:00
59,2026-01-05 02:00:00+00:00,2026-01-05 04:30:00+00:00,2026-01-05 02:00:00+00:00,2026-01-05 04:30:00+00:00,long,2.14982988,2.125712204004958,2.198065231990084,2.11927606,stack_flip,2.0,-1.3553699360054405,89.98970057945145,3731.2757911645676,3731.2757911645676,3731.2757911645676,-114.00472889360044,7.964605821919427,3.185837896012131,-121.96933471551986,-121.96933471551986,-1.3553699360054405,8877.000723229625,stacked_mtf_v3.3_2h_sync,stack_flip,BACKTEST_ONLY,long-2026-01-05 02:00:00+00:00
60,2026-01-05 08:00:00+00:00,2026-01-05 13:15:00+00:00,2026-01-05 08:00:00+00:00,2026-01-05 13:15:00+00:00,long,2.1459291,2.112906382348908,2.2119745353021845,2.12377516,stack_flip,2.0,-0.7355176635256906,88.77000723229625,2688.149660188861,2688.149660188861,2688.149660188861,-59.553106282844226,5.738802027812966,2.2955185208216764,-65.29190831065719,-65.29190831065719,-0.7355176635256906,8811.708814918968,stacked_mtf_v3.3_2h_sync,stack_flip,BACKTEST_ONLY,long-2026-01-05 08:00:00+00:00
61,2026-01-05 16:00:00+00:00,2026-01-06 15:30:00+00:00,2026-01-05 16:00:00+00:00,2026-01-06 15:30:00+00:00,long,2.1764352000000002,2.1444445542250374,2.240416491549926,2.3445310000000004,stack_flip,2.0,5.183868999286963,88.11708814918967,2754.464188345761,2754.464188345761,2754.464188345761,463.01386131133177,6.2264197473108105,2.490586519102237,456.787441564021,456.787441564021,5.183868999286963,9268.49625648299,stacked_mtf_v3.3_2h_sync,stack_flip,BACKTEST_ONLY,long-2026-01-05 16:00:00+00:00
62,2026-01-13 20:00:00+00:00,2026-01-14 11:00:00+00:00,2026-01-13 20:00:00+00:00,2026-01-14 11:00:00+00:00,long,2.13802752,2.1160790712152053,2.1819244175695895,2.129574,stack_flip,2.0,-0.48237216505864455,92.68496256482989,4222.8479777140055,4222.8479777140055,4222.8479777140055,-35.697929836565805,9.010716224210608,3.604285205938458,-44.70864606077642,-44.70864606077642,-0.48237216505864455,9223.787610422212,stacked_mtf_v3.3_2h_sync,stack_flip,BACKTEST_ONLY,long-2026-01-13 20:00:00+00:00
63,2026-01-14 16:00:00+00:00,2026-01-14 18:30:00+00:00,2026-01-14 16:00:00+00:00,2026-01-14 18:30:00+00:00,long,2.17123416,2.1391039503515934,2.2354945792968133,2.1310737,stack_flip,2.0,-1.3168794848526097,92.23787610422212,2870.752388906255,2870.752388906255,2870.752388906255,-115.29073648457428,6.175430283452579,2.470167600558276,-121.46616676802687,-121.46616676802687,-1.3168794848526097,9102.321443654186,stacked_mtf_v3.3_2h_sync,stack_flip,BACKTEST_ONLY,long-2026-01-14 16:00:00+00:00
64,2026-01-28 08:00:00+00:00,2026-01-28 15:00:00+00:00,2026-01-28 08:00:00+00:00,2026-01-28 15:00:00+00:00,long,1.9189837200000002,1.9080715639948949,1.9408080320102108,1.90651862,stack_flip,2.0,-1.317599488430469,51.75966349613944,4743.303108196345,4743.303108196345,4743.303108196345,-59.12574757397935,9.072758569867197,3.629101208081024,-68.19850614384654,-68.19850614384654,-1.317599488430469,9034.12293751034,stacked_mtf_v3.3_2h_sync,stack_flip,BACKTEST_ONLY,long-2026-01-28 08:00:00+00:00
65,2026-02-08 14:00:00+00:00,2026-02-08 16:30:00+00:00,2026-02-08 14:00:00+00:00,2026-02-08 16:30:00+00:00,long,1.46219238,1.4462066774724947,1.494163785055011,1.42791436,stack_flip,2.0,-2.234688985894369,90.3412293751034,5651.376861270871,5651.376861270871,5651.376861270871,-193.71800907818087,8.166541178519497,3.266608853351789,-201.88455025670038,-201.88455025670038,-2.234688985894369,8832.23838725364,stacked_mtf_v3.3_2h_sync,stack_flip,BACKTEST_ONLY,long-2026-02-08 14:00:00+00:00
66,2026-02-09 04:00:00+00:00,2026-02-09 06:15:00+00:00,2026-02-09 04:00:00+00:00,2026-02-09 06:15:00+00:00,long,1.44848964,1.4283488047747435,1.4887713104505131,1.429714,stack_flip,2.0,-1.0036694900641883,88.3223838725364,4385.239384798717,4385.239384798717,4385.239384798717,-82.33567600280259,6.310805979799514,2.524319199465533,-88.6464819826021,-88.6464819826021,-1.0036694900641883,8743.591905271038,stacked_mtf_v3.3_2h_sync,stack_flip,BACKTEST_ONLY,long-2026-02-09 04:00:00+00:00
67,2026-02-09 20:00:00+00:00,2026-02-10 03:30:00+00:00,2026-02-09 20:00:00+00:00,2026-02-10 03:30:00+00:00,long,1.4552910000000001,1.4304129783143364,1.5050470433713274,1.43191356,stack_flip,2.0,-0.9977096488465438,87.43591905271037,3514.5848877162384,3514.5848877162384,3514.5848877162384,-82.16199733749379,5.073662757160706,2.029461897562865,-87.23566009465449,-87.23566009465449,-0.9977096488465438,8656.356245176383,stacked_mtf_v3.3_2h_sync,stack_flip,BACKTEST_ONLY,long-2026-02-09 20:00:00+00:00
68,2026-02-14 02:00:00+00:00,2026-02-15 12:30:00+00:00,2026-02-14 02:00:00+00:00,2026-02-15 12:30:00+00:00,long,1.4140827599999999,1.4050494777001514,1.4321493245996968,1.54929008,stack_flip,2.0,14.803659305792266,55.297548250099915,6121.534389667818,6121.534389667818,6121.534389667818,827.6762591148222,9.070194374733793,3.6281110020683225,818.6060647400884,818.6060647400884,14.803659305792266,9474.962309916471,stacked_mtf_v3.3_2h_sync,stack_flip,BACKTEST_ONLY,long-2026-02-14 02:00:00+00:00
69,2026-02-25 10:00:00+00:00,2026-02-26 02:00:00+00:00,2026-02-25 10:00:00+00:00,2026-02-26 02:00:00+00:00,long,1.3788757200000001,1.368472149281259,1.3996828614374823,1.4194160599999999,stack_flip,2.0,3.762284620172802,71.48827049374869,6871.512909021612,6871.512909021612,6871.512909021612,278.5734696461234,9.614249044739532,3.8457109146630355,268.95922060138383,268.95922060138383,3.762284620172802,9743.921530517855,stacked_mtf_v3.3_2h_sync,stack_flip,BACKTEST_ONLY,long-2026-02-25 10:00:00+00:00
70,2026-02-26 06:00:00+00:00,2026-02-26 11:45:00+00:00,2026-02-26 06:00:00+00:00,2026-02-26 11:45:00+00:00,long,1.4515902600000001,1.4365221210297812,1.481726537940438,1.43561282,stack_flip,2.0,-1.15615084081926,97.43921530517855,6466.572646944639,6466.572646944639,6466.572646944639,-103.31927647219993,9.335154231651158,3.7340577092517124,-112.65443070385109,-112.65443070385109,-1.15615084081926,9631.267099814004,stacked_mtf_v3.3_2h_sync,stack_flip,BACKTEST_ONLY,long-2026-02-26 06:00:00+00:00
71,2026-03-01 02:00:00+00:00,2026-03-01 12:45:00+00:00,2026-03-01 02:00:00+00:00,2026-03-01 12:45:00+00:00,long,1.41998394,1.3845837931851697,1.4907842336296608,1.36702654,stack_flip,2.0,-1.53532993872304,96.31267099814004,2720.685637320329,2720.685637320329,2720.685637320329,-144.080437569828,3.791289691998618,1.5165101742423515,-147.87172726182663,-147.87172726182663,-1.53532993872304,9483.395372552177,stacked_mtf_v3.3_2h_sync,stack_flip,BACKTEST_ONLY,long-2026-03-01 02:00:00+00:00
72,2026-03-01 16:00:00+00:00,2026-03-01 16:45:00+00:00,2026-03-01 16:00:00+00:00,2026-03-01 16:45:00+00:00,long,1.38357666,1.3721697665992467,1.4063904468015063,1.36902614,stack_flip,2.0,-1.3962453089066635,78.18582317795004,6854.260878144748,6854.260878144748,6854.260878144748,-99.73305999266279,9.433528842555846,3.7734076986362464,-109.16658883521863,-109.16658883521863,-1.3962453089066635,9374.228783716959,stacked_mtf_v3.3_2h_sync,stack_flip,BACKTEST_ONLY,long-2026-03-01 16:00:00+00:00
73,2026-03-02 22:00:00+00:00,2026-03-03 02:15:00+00:00,2026-03-02 22:00:00+00:00,2026-03-03 02:15:00+00:00,long,1.39857966,1.3801808497606753,1.4353772804786493,1.37932408,stack_flip,2.0,-1.1220579810033315,93.74228783716958,5095.019004914226,5095.019004914226,5095.019004914226,-98.10754605064652,7.076736174561153,2.830690658750245,-105.18428222520767,-105.18428222520767,-1.1220579810033315,9269.044501491751,stacked_mtf_v3.3_2h_sync,stack_flip,BACKTEST_ONLY,long-2026-03-02 22:00:00+00:00
74,2026-03-04 10:00:00+00:00,2026-03-05 01:45:00+00:00,2026-03-04 10:00:00+00:00,2026-03-05 01:45:00+00:00,long,1.41858366,1.3938572927460602,1.4680363945078794,1.4160167399999999,stack_flip,2.0,-0.1611324526195901,92.69044501491751,3748.6479135000654,3748.6479135000654,3748.6479135000654,-9.622479302121693,5.312959437533226,2.125183475121457,-14.93543873965492,-14.93543873965492,-0.1611324526195901,9254.109062752097,stacked_mtf_v3.3_2h_sync,stack_flip,BACKTEST_ONLY,long-2026-03-04 10:00:00+00:00
75,2026-03-05 12:00:00+00:00,2026-03-05 13:15:00+00:00,2026-03-05 12:00:00+00:00,2026-03-05 13:15:00+00:00,long,1.43908776,1.4326983323047022,1.4518666153905957,1.4263146800000002,stack_flip,2.0,-2.2233260782424,41.08745997593282,6430.538372970455,6430.538372970455,6430.538372970455,-82.1377810810207,9.213040172211587,3.6852129307819093,-91.3508212532323,-91.3508212532323,-2.2233260782424,9162.758241498865,stacked_mtf_v3.3_2h_sync,stack_flip,BACKTEST_ONLY,long-2026-03-05 12:00:00+00:00
76,2026-03-09 20:00:00+00:00,2026-03-10 18:45:00+00:00,2026-03-09 20:00:00+00:00,2026-03-10 18:45:00+00:00,long,1.37907576,1.3578631698569903,1.4215009402860197,1.3937211999999999,stack_flip,2.0,0.6250552822927684,91.62758241498864,4319.49053827275,4319.49053827275,4319.49053827275,63.26083950884035,5.988535116635723,2.395416672904536,57.272304392204624,57.272304392204624,0.6250552822927684,9220.03054589107,stacked_mtf_v3.3_2h_sync,stack_flip,BACKTEST_ONLY,long-2026-03-09 20:00:00+00:00
77,2026-03-13 02:00:00+00:00,2026-03-13 15:30:00+00:00,2026-03-13 02:00:00+00:00,2026-03-13 15:30:00+00:00,long,1.41108216,1.3987054548453277,1.4358355703093448,1.41161762,stack_flip,2.0,-0.07076922969838371,80.8695643799839,6534.013969740125,6534.013969740125,6534.013969740125,3.498703120235878,9.221779897451189,3.68871224647709,-5.723076777215311,-5.723076777215311,-0.07076922969838371,9214.307469113854,stacked_mtf_v3.3_2h_sync,stack_flip,BACKTEST_ONLY,long-2026-03-13 02:00:00+00:00
78,2026-03-15 02:00:00+00:00,2026-03-15 16:45:00+00:00,2026-03-15 02:00:00+00:00,2026-03-15 16:45:00+00:00,long,1.41548304,1.402853349211521,1.4407424215769582,1.4119175599999998,stack_flip,2.0,-0.3942440383847151,82.2149406784,6509.655862152791,6509.655862152791,6509.655862152791,-23.210047783390042,9.20270244522216,3.68108019693016,-32.412750228612204,-32.412750228612204,-0.3942440383847151,9181.894718885242,stacked_mtf_v3.3_2h_sync,stack_flip,BACKTEST_ONLY,long-2026-03-15 02:00:00+00:00
79,2026-03-15 22:00:00+00:00,2026-03-17 05:00:00+00:00,2026-03-15 22:00:00+00:00,2026-03-17 05:00:00+00:00,long,1.42468488,1.4171253015962009,1.4398040368075984,1.5276944000000001,stack_flip,2.0,13.431083710828778,48.720425125058206,6444.860086453112,6444.860086453112,6444.860086453112,663.881943972694,9.51383569087159,3.8055609838488333,654.3681082818224,654.3681082818224,13.431083710828778,9836.262827167064,stacked_mtf_v3.3_2h_sync,stack_flip,BACKTEST_ONLY,long-2026-03-15 22:00:00+00:00
80,2026-03-24 08:00:00+00:00,2026-03-24 13:00:00+00:00,2026-03-24 08:00:00+00:00,2026-03-24 13:00:00+00:00,long,1.42838562,1.4181511844986843,1.4488544910026315,1.4132173,stack_flip,2.0,-1.620912209360976,70.47718492057561,6886.279649865884,6886.279649865884,6886.279649865884,-104.45329333865453,9.784036180497736,3.913610450611779,-114.23732951915227,-114.23732951915227,-1.620912209360976,9722.025497647912,stacked_mtf_v3.3_2h_sync,stack_flip,BACKTEST_ONLY,long-2026-03-24 08:00:00+00:00
81,2026-03-25 12:00:00+00:00,2026-03-25 15:00:00+00:00,2026-03-25 12:00:00+00:00,2026-03-25 15:00:00+00:00,long,1.4321863799999999,1.4246299603544228,1.447299219291154,1.4077183999999998,stack_flip,2.0,-3.425952184266631,51.29479339499647,6788.240436728572,6788.240436728572,6788.240436728572,-166.09453124106633,9.638978232027377,3.8555848032530937,-175.7335094730937,-175.7335094730937,-3.425952184266631,9546.291988174818,stacked_mtf_v3.3_2h_sync,stack_flip,BACKTEST_ONLY,long-2026-03-25 12:00:00+00:00
82,2026-04-06 02:00:00+00:00,2026-04-06 17:00:00+00:00,2026-04-06 02:00:00+00:00,2026-04-06 17:00:00+00:00,long,1.34486892,1.3249105937939827,1.3847855724120344,1.33513292,stack_flip,2.0,-0.5549564029402759,95.46291988174818,4783.112516367584,4783.112516367584,4783.112516367584,-46.56838345935464,6.409375172396078,2.5637483087730253,-52.97775863175072,-52.97775863175072,-0.5549564029402759,9493.314229543068,stacked_mtf_v3.3_2h_sync,stack_flip,BACKTEST_ONLY,long-2026-04-06 02:00:00+00:00
83,2026-04-08 00:00:00+00:00,2026-04-08 14:30:00+00:00,2026-04-08 00:00:00+00:00,2026-04-08 14:30:00+00:00,long,1.37747544,1.3587356037728622,1.4149551124542756,1.3573284799999998,stack_flip,2.0,-1.1480549615926978,94.9331422954307,5065.846955372783,5065.846955372783,5065.846955372783,-102.06141597601804,6.9270490558367745,2.770815650710697,-108.98846503185482,-108.98846503185482,-1.1480549615926978,9384.325764511213,stacked_mtf_v3.3_2h_sync,stack_flip,BACKTEST_ONLY,long-2026-04-08 00:00:00+00:00
84,2026-04-11 20:00:00+00:00,2026-04-11 23:00:00+00:00,2026-04-11 20:00:00+00:00,2026-04-11 23:00:00+00:00,long,1.36907376,1.3619451017031603,1.3833310765936795,1.3542291,stack_flip,2.0,-2.273402757596704,48.863438680929576,6854.507067983841,6854.507067983841,6854.507067983841,-101.75282689181745,9.333449351065305,3.733375819648079,-111.08627624288275,-111.08627624288275,-2.273402757596704,9273.239488268331,stacked_mtf_v3.3_2h_sync,stack_flip,BACKTEST_ONLY,long-2026-04-11 20:00:00+00:00
85,2026-04-13 20:00:00+00:00,2026-04-14 18:15:00+00:00,2026-04-13 20:00:00+00:00,2026-04-14 18:15:00+00:00,long,1.3519703399999998,1.3419883124218581,1.3719343951562832,1.36392716,stack_flip,2.0,1.0617954285369076,68.4672803625316,6859.055420008942,6859.055420008942,6859.055420008942,82.0124910270727,9.314245733781867,3.7257017230404568,72.69824529329082,72.69824529329082,1.0617954285369076,9345.937733561623,stacked_mtf_v3.3_2h_sync,stack_flip,BACKTEST_ONLY,long-2026-04-13 20:00:00+00:00
86,2026-04-15 14:00:00+00:00,2026-04-16 14:00:00+00:00,2026-04-15 14:00:00+00:00,2026-04-16 14:00:00+00:00,long,1.36537302,1.3614608366966883,1.3731973866066236,1.404719,stack_flip,2.0,9.703260570092652,26.77877841399803,6844.970273077186,6844.970273077186,6844.970273077186,269.3220634650895,9.480598765294168,3.7922504306902227,259.8414646997953,259.8414646997953,9.703260570092652,9605.779198261418,stacked_mtf_v3.3_2h_sync,stack_flip,BACKTEST_ONLY,long-2026-04-15 14:00:00+00:00
87,2026-04-16 16:00:00+00:00,2026-04-17 01:15:00+00:00,2026-04-16 16:00:00+00:00,2026-04-17 01:15:00+00:00,long,1.4327865000000002,1.4084412388708059,1.4814770222583888,1.4327134000000001,stack_flip,2.0,-0.061853924753933504,96.05779198261418,3945.6464021009688,3945.6464021009688,3945.6464021009688,-0.2884267519937707,5.653124685327843,2.2612499530440653,-5.941551437321614,-5.941551437321614,-0.061853924753933504,9599.837646824097,stacked_mtf_v3.3_2h_sync,stack_flip,BACKTEST_ONLY,long-2026-04-16 16:00:00+00:00
88,2026-04-17 08:00:00+00:00,2026-04-17 10:15:00+00:00,2026-04-17 08:00:00+00:00,2026-04-17 10:15:00+00:00,long,1.43958786,1.4304860695325323,1.4577914409349355,1.4387122,stack_flip,2.0,-0.25432468900198313,60.694948332713366,6668.46249094105,6668.46249094105,6668.46249094105,-5.839305864817073,9.596917993891688,3.838767117535125,-15.436223858708761,-15.436223858708761,-0.25432468900198313,9584.401422965388,stacked_mtf_v3.3_2h_sync,stack_flip,BACKTEST_ONLY,long-2026-04-17 08:00:00+00:00
89,2026-04-17 14:00:00+00:00,2026-04-17 23:15:00+00:00,2026-04-17 14:00:00+00:00,2026-04-17 23:15:00+00:00,long,1.48709736,1.4680137750252151,1.5252645299495695,1.47660462,stack_flip,2.0,-0.627481209941526,95.8440142296539,5022.3275320802095,5022.3275320802095,5022.3275320802095,-52.69797698895874,7.442341025517315,2.9769344213652236,-60.14031801447606,-60.14031801447606,-0.627481209941526,9524.261104950912,stacked_mtf_v3.3_2h_sync,stack_flip,BACKTEST_ONLY,long-2026-04-17 14:00:00+00:00
90,2026-04-22 06:00:00+00:00,2026-04-22 16:45:00+00:00,2026-04-22 06:00:00+00:00,2026-04-22 16:45:00+00:00,long,1.4550909600000002,1.4470596484388156,1.4711535831223692,1.4461107199999998,stack_flip,2.0,-1.2987717834796428,52.56874685272761,6545.474727539309,6545.474727539309,6545.474727539309,-58.77993396723961,9.494871137967293,3.7979462559074086,-68.2748051052069,-68.2748051052069,-1.2987717834796428,9455.986299845705,stacked_mtf_v3.3_2h_sync,stack_flip,BACKTEST_ONLY,long-2026-04-22 06:00:00+00:00
91,2026-04-24 16:00:00+00:00,2026-04-24 22:30:00+00:00,2026-04-24 16:00:00+00:00,2026-04-24 22:30:00+00:00,long,1.44638922,1.435633021332066,1.4679016173358677,1.43101374,stack_flip,2.0,-1.5632085273885779,70.32026085094944,6537.649872588034,6537.649872588034,6537.649872588034,-100.51950486297912,9.405726547414215,3.7622867486769613,-109.92523141039334,-109.92523141039334,-1.5632085273885779,9346.06106843531,stacked_mtf_v3.3_2h_sync,stack_flip,BACKTEST_ONLY,long-2026-04-24 16:00:00+00:00
92,2026-04-25 04:00:00+00:00,2026-04-25 05:00:00+00:00,2026-04-25 04:00:00+00:00,2026-04-25 05:00:00+00:00,long,1.43648724,1.4326328828065058,1.4441959543869882,1.4320135399999998,stack_flip,2.0,-1.5327978423930984,25.077186004074193,6506.19149839111,6506.19149839111,6506.19149839111,-29.106748906353193,9.331507693982134,3.732602062626979,-38.43825660033533,-38.43825660033533,-1.5327978423930984,9307.622811834975,stacked_mtf_v3.3_2h_sync,stack_flip,BACKTEST_ONLY,long-2026-04-25 04:00:00+00:00
93,2026-04-25 10:00:00+00:00,2026-04-25 11:45:00+00:00,2026-04-25 10:00:00+00:00,2026-04-25 11:45:00+00:00,long,1.43618718,1.4332722595377916,1.4420170209244165,1.4303138800000001,stack_flip,2.0,-2.5066037391855205,18.89097783809396,6480.78672574906,6480.78672574906,6480.78672574906,-38.06360467634032,9.288591009496805,3.715435029871936,-47.352195685837124,-47.352195685837124,-2.5066037391855205,9260.270616149139,stacked_mtf_v3.3_2h_sync,stack_flip,BACKTEST_ONLY,long-2026-04-25 10:00:00+00:00
94,2026-04-27 02:00:00+00:00,2026-04-27 05:00:00+00:00,2026-04-27 02:00:00+00:00,2026-04-27 05:00:00+00:00,long,1.4431885800000002,1.4322585183714862,1.465048703257028,1.42741446,stack_flip,2.0,-1.5745036125967296,70.13312739158937,6416.535402566127,6416.535402566127,6416.535402566127,-101.21519942432712,9.209663016436975,3.683861305321265,-110.4248624407641,-110.4248624407641,-1.5745036125967296,9149.845753708374,stacked_mtf_v3.3_2h_sync,stack_flip,BACKTEST_ONLY,long-2026-04-27 02:00:00+00:00
95,2026-05-04 02:00:00+00:00,2026-05-04 10:00:00+00:00,2026-05-04 02:00:00+00:00,2026-05-04 10:00:00+00:00,long,1.40538102,1.391178858453525,1.4337853430929504,1.3931213199999999,stack_flip,2.0,-0.9617515703720644,91.49845753708374,6442.572649076291,6442.572649076291,6442.572649076291,-78.98400790588194,9.01477731703,3.605907911688,-87.99878522291193,-87.99878522291193,-0.9617515703720644,9061.846968485463,stacked_mtf_v3.3_2h_sync,stack_flip,BACKTEST_ONLY,long-2026-05-04 02:00:00+00:00
96,2026-05-04 18:00:00+00:00,2026-05-04 20:00:00+00:00,2026-05-04 18:00:00+00:00,2026-05-04 20:00:00+00:00,long,1.40958186,1.3971911568878672,1.4343632662242658,1.39612072,stack_flip,2.0,-1.199608380209296,79.65671141233652,6428.748287442818,6428.748287442818,6428.748287442818,-86.5382807220279,9.01857782812445,3.607427814015663,-95.55685855015236,-95.55685855015236,-1.199608380209296,8966.290109935311,stacked_mtf_v3.3_2h_sync,stack_flip,BACKTEST_ONLY,long-2026-05-04 18:00:00+00:00
97,2026-05-05 04:00:00+00:00,2026-05-05 05:00:00+00:00,2026-05-05 04:00:00+00:00,2026-05-05 05:00:00+00:00,long,1.40488092,1.4014944757139205,1.4116538085721593,1.40061982,stack_flip,2.0,-1.6725065855304633,21.61310718784792,6382.242069267558,6382.242069267558,6382.242069267558,-27.19537168135681,8.952692424094632,3.581076025066027,-36.14806410545144,-36.14806410545144,-1.6725065855304633,8930.14204582986,stacked_mtf_v3.3_2h_sync,stack_flip,BACKTEST_ONLY,long-2026-05-05 04:00:00+00:00
98,2026-05-05 08:00:00+00:00,2026-05-05 14:15:00+00:00,2026-05-05 08:00:00+00:00,2026-05-05 14:15:00+00:00,long,1.4087817,1.4011261841453717,1.4240927317092567,1.40551884,stack_flip,2.0,-0.6100190187937001,48.52763491741369,6338.911164043272,6338.911164043272,6338.911164043272,-20.682979680710094,8.919800555989505,3.567919537793396,-29.6027802366996,-29.6027802366996,-0.6100190187937001,8900.539265593161,stacked_mtf_v3.3_2h_sync,stack_flip,BACKTEST_ONLY,long-2026-05-05 08:00:00+00:00
99,2026-05-05 22:00:00+00:00,2026-05-05 22:30:00+00:00,2026-05-05 22:00:00+00:00,2026-05-05 22:30:00+00:00,long,1.4170833600000001,1.4118400249991931,1.427570030001614,1.4099179599999998,stack_flip,2.0,-1.6361534517020135,32.932790246962945,6280.886161554505,6280.886161554505,6280.886161554505,-45.00506170200467,8.87803673474216,3.551213035742917,-53.88309843674683,-53.88309843674683,-1.6361534517020135,8846.656167156414,stacked_mtf_v3.3_2h_sync,stack_flip,BACKTEST_ONLY,long-2026-05-05 22:00:00+00:00
100,2026-05-06 04:00:00+00:00,2026-05-06 13:15:00+00:00,2026-05-06 04:00:00+00:00,2026-05-06 13:15:00+00:00,long,1.42288452,1.413140754761806,1.442372050476388,1.42691456,stack_flip,2.0,0.26736486320382885,60.580981537274056,6217.409805791136,6217.409805791136,6217.409805791136,25.056410213730242,8.85918437226328,3.543674892908716,16.19722584146696,16.19722584146696,0.26736486320382885,8862.85339299788,stacked_mtf_v3.3_2h_sync,stack_flip,BACKTEST_ONLY,long-2026-05-06 04:00:00+00:00
101,2026-05-09 02:00:00+00:00,2026-05-09 14:15:00+00:00,2026-05-09 02:00:00+00:00,2026-05-09 14:15:00+00:00,long,1.43048604,1.4231822238187974,1.4450936723624048,1.4160167399999999,stack_flip,2.0,-2.175924338142852,45.25220813997112,6195.693732878289,6195.693732878289,6195.693732878289,-89.64735132913593,8.818029717333314,3.52720844212761,-98.46538104646925,-98.46538104646925,-2.175924338142852,8764.38801195141,stacked_mtf_v3.3_2h_sync,stack_flip,BACKTEST_ONLY,long-2026-05-09 02:00:00+00:00
102,2026-05-09 18:00:00+00:00,2026-05-10 00:45:00+00:00,2026-05-09 18:00:00+00:00,2026-05-10 00:45:00+00:00,long,1.42188432,1.4175925477395754,1.430467864520849,1.4157168,stack_flip,2.0,-1.7676428523375427,26.45416143930082,6163.924792384946,6163.924792384946,6163.924792384946,-38.01612943552989,8.745379947233648,3.498150598174304,-46.761509382763535,-46.761509382763535,-1.7676428523375427,8717.626502568646,stacked_mtf_v3.3_2h_sync,stack_flip,BACKTEST_ONLY,long-2026-05-09 18:00:00+00:00
103,2026-05-10 08:00:00+00:00,2026-05-10 11:15:00+00:00,2026-05-10 08:00:00+00:00,2026-05-10 11:15:00+00:00,long,1.4237847,1.4173765119200599,1.43660107615988,1.42101574,stack_flip,2.0,-0.6540632340552403,39.236402975203866,6122.854461470647,6122.854461470647,6122.854461470647,-16.953939089632662,8.70914953302383,3.483659274398339,-25.663088622656492,-25.663088622656492,-0.6540632340552403,8691.96341394599,stacked_mtf_v3.3_2h_sync,stack_flip,BACKTEST_ONLY,long-2026-05-10 08:00:00+00:00
104,2026-05-10 14:00:00+00:00,2026-05-11 00:45:00+00:00,2026-05-10 14:00:00+00:00,2026-05-11 00:45:00+00:00,long,1.43248644,1.426183978517176,1.4450913629656479,1.45330928,stack_flip,2.0,3.074979861886665,38.241733462070236,6067.745684172753,6067.745684172753,6067.745684172753,126.34769754222049,8.755137262717101,3.5020600990771458,117.59256027950339,117.59256027950339,3.074979861886665,8809.555974225494,stacked_mtf_v3.3_2h_sync,stack_flip,BACKTEST_ONLY,long-2026-05-10 14:00:00+00:00
105,2026-05-11 14:00:00+00:00,2026-05-12 01:30:00+00:00,2026-05-11 14:00:00+00:00,2026-05-12 01:30:00+00:00,long,1.4707941,1.4545092159833648,1.5033638680332704,1.4590081400000001,stack_flip,2.0,-0.8136908501444633,88.09555974225493,5409.6522672353285,5409.6522672353285,5409.6522672353285,-63.757945235544206,7.924605665083573,3.1698398425092127,-71.68255090062777,-71.68255090062777,-0.8136908501444633,8737.873423324865,stacked_mtf_v3.3_2h_sync,stack_flip,BACKTEST_ONLY,long-2026-05-11 14:00:00+00:00
106,2026-05-14 16:00:00+00:00,2026-05-15 04:45:00+00:00,2026-05-14 16:00:00+00:00,2026-05-15 04:45:00+00:00,long,1.4745948599999998,1.4555339335192663,1.512716712961467,1.47330528,stack_flip,2.0,-0.14498403699280987,87.37873423324865,4584.18085404031,4584.18085404031,4584.18085404031,-5.911667945752851,6.756853690705374,2.7027413479250857,-12.668521636458225,-12.668521636458225,-0.14498403699280987,8725.204901688407,stacked_mtf_v3.3_2h_sync,stack_flip,BACKTEST_ONLY,long-2026-05-14 16:00:00+00:00
107,2026-05-30 00:00:00+00:00,2026-05-30 22:30:00+00:00,2026-05-30 00:00:00+00:00,2026-05-30 22:30:00+00:00,long,1.3317663,1.3186707690667556,1.3579573618664886,1.33983198,stack_flip,2.0,0.5139066826924588,85.79672776594185,6551.603612201636,6551.603612201636,6551.603612201636,52.84313822286298,8.751626470799838,3.5006528420715783,44.09151175206314,44.09151175206314,0.5139066826924588,8769.29641344047,stacked_mtf_v3.3_2h_sync,stack_flip,BACKTEST_ONLY,long-2026-05-30 00:00:00+00:00
108,2026-06-08 14:00:00+00:00,2026-06-09 00:15:00+00:00,2026-06-08 14:00:00+00:00,2026-06-09 00:15:00+00:00,long,1.165233,1.150483490184684,1.1947320196306317,1.1585682400000001,stack_flip,2.0,-0.5306386936244237,87.6929641344047,5945.483289440879,5945.483289440879,5945.483289440879,-39.625219208132954,6.908060720200998,2.7632228136005432,-46.533279928333954,-46.533279928333954,-0.5306386936244237,8722.763133512137,stacked_mtf_v3.3_2h_sync,stack_flip,BACKTEST_ONLY,long-2026-06-08 14:00:00+00:00
109,2026-06-09 06:00:00+00:00,2026-06-09 09:30:00+00:00,2026-06-09 06:00:00+00:00,2026-06-09 09:30:00+00:00,long,1.17413478,1.1594649301821656,1.2034744796356687,1.1603678800000001,stack_flip,2.0,-1.018016647439984,87.22763133512137,5946.048011280754,5946.048011280754,5946.048011280754,-81.85864836649985,6.9405324494113145,2.776209816466984,-88.79918081591117,-88.79918081591117,-1.018016647439984,8633.963952696226,stacked_mtf_v3.3_2h_sync,stack_flip,BACKTEST_ONLY,long-2026-06-09 06:00:00+00:00
110,2026-06-11 20:00:00+00:00,2026-06-12 13:15:00+00:00,2026-06-11 20:00:00+00:00,2026-06-12 13:15:00+00:00,long,1.1398279199999999,1.1284323103599805,1.1626191392800387,1.1337731999999998,stack_flip,2.0,-0.6310781772257887,86.31941815473789,7574.795985604763,7574.795985604763,7574.795985604763,-45.86326874996139,8.611032318321246,3.4444112305741976,-54.47430106828264,-54.47430106828264,-0.6310781772257887,8579.489651627942,stacked_mtf_v3.3_2h_sync,stack_flip,BACKTEST_ONLY,long-2026-06-11 20:00:00+00:00
111,2026-06-13 02:00:00+00:00,2026-06-13 03:15:00+00:00,2026-06-13 02:00:00+00:00,2026-06-13 03:15:00+00:00,long,1.13732742,1.133613981203401,1.1447542975931984,1.13297336,stack_flip,2.0,-1.4782013897811415,28.012522310748455,7543.552982858658,7543.552982858658,7543.552982858658,-32.84508230054593,8.56306711047767,3.4252256673968016,-41.4081494110236,-41.4081494110236,-1.4782013897811415,8538.081502216919,stacked_mtf_v3.3_2h_sync,stack_flip,BACKTEST_ONLY,long-2026-06-13 02:00:00+00:00
112,2026-06-13 08:00:00+00:00,2026-06-13 17:45:00+00:00,2026-06-13 08:00:00+00:00,2026-06-13 17:45:00+00:00,long,1.14302856,1.1365507299372237,1.1559842201255528,1.14417112,stack_flip,2.0,-0.00016052288961260135,48.387453270192545,7469.7009339967135,7469.7009339967135,7469.7009339967135,8.534581499146565,8.542348792966491,3.416939995247457,-0.007767293819926024,-0.007767293819926024,-0.00016052288961260135,8538.073734923099,stacked_mtf_v3.3_2h_sync,stack_flip,BACKTEST_ONLY,long-2026-06-13 08:00:00+00:00
113,2026-06-13 22:00:00+00:00,2026-06-14 04:30:00+00:00,2026-06-13 22:00:00+00:00,2026-06-14 04:30:00+00:00,long,1.1507301,1.147137893659481,1.1579145126810384,1.14867022,stack_flip,2.0,-0.8934843535564155,26.653098416745,7419.701400809015,7419.701400809015,7419.701400809015,-15.283694521498576,8.530431887662349,3.4121722802040497,-23.814126409160927,-23.814126409160927,-0.8934843535564155,8514.259608513938,stacked_mtf_v3.3_2h_sync,stack_flip,BACKTEST_ONLY,long-2026-06-13 22:00:00+00:00
114,2026-06-14 22:00:00+00:00,2026-06-15 23:30:00+00:00,2026-06-14 22:00:00+00:00,2026-06-15 23:30:00+00:00,long,1.16683332,1.1595874694720814,1.1813250210558375,1.23485298,stack_flip,2.0,9.221666468628221,52.872206699743224,7296.894477193998,7296.894477193998,7296.894477193998,496.33228139461374,8.762425749211245,3.504990293175365,487.5698556454025,487.5698556454025,9.221666468628221,9001.82946415934,stacked_mtf_v3.3_2h_sync,stack_flip,BACKTEST_ONLY,long-2026-06-14 22:00:00+00:00
115,2026-06-22 14:00:00+00:00,2026-06-22 16:30:00+00:00,2026-06-22 14:00:00+00:00,2026-06-22 16:30:00+00:00,long,1.15563108,1.148451794344163,1.169989651311674,1.13697256,stack_flip,2.0,-2.7586061858254576,55.92330136043961,7789.535622526992,7789.535622526992,7789.535622526992,-145.34120620363242,8.929158861057523,3.5716578736410765,-154.27036506468994,-154.27036506468994,-2.7586061858254576,8847.559099094651,stacked_mtf_v3.3_2h_sync,stack_flip,BACKTEST_ONLY,long-2026-06-22 14:00:00+00:00
116,2026-06-29 20:00:00+00:00,2026-06-30 00:15:00+00:00,2026-06-29 20:00:00+00:00,2026-06-30 00:15:00+00:00,long,1.06981392,1.0592868847677102,1.09086799046458,1.0526894199999999,stack_flip,2.0,-1.7275283371540777,87.06052951333511,8270.185060869886,8270.185060869886,8270.185060869886,-141.6227840748681,8.776747707057217,3.510693558339266,-150.3995317819253,-150.3995317819253,-1.7275283371540777,8697.159567312727,stacked_mtf_v3.3_2h_sync,stack_flip,BACKTEST_ONLY,long-2026-06-29 20:00:00+00:00
117,2026-07-01 16:00:00+00:00,2026-07-02 00:15:00+00:00,2026-07-01 16:00:00+00:00,2026-07-02 00:15:00+00:00,long,1.06001196,1.0504444417590966,1.0791469964818068,1.04939008,stack_flip,2.0,-1.220439901549372,78.49933391724382,8204.774941702288,8204.774941702288,8204.774941702288,-87.15013485776848,8.653584499883843,3.461430452405361,-95.80371935765233,-95.80371935765233,-1.220439901549372,8601.355847955074,stacked_mtf_v3.3_2h_sync,stack_flip,BACKTEST_ONLY,long-2026-07-01 16:00:00+00:00
118,2026-07-02 04:00:00+00:00,2026-07-02 22:00:00+00:00,2026-07-02 04:00:00+00:00,2026-07-02 22:00:00+00:00,long,1.0667133,1.0575335614730725,1.0850727770538549,1.0793840799999999,stack_flip,2.0,1.263405409204152,74.02007424233469,8063.418584876625,8063.418584876625,8063.418584876625,102.16980293688208,8.652440749423516,3.460980525000745,93.51736218745856,93.51736218745856,1.263405409204152,8694.873210142532,stacked_mtf_v3.3_2h_sync,stack_flip,BACKTEST_ONLY,long-2026-07-02 04:00:00+00:00
119,2026-07-03 00:00:00+00:00,2026-07-04 07:30:00+00:00,2026-07-03 00:00:00+00:00,2026-07-04 07:30:00+00:00,long,1.08761748,1.0808854552881504,1.1010815294236993,1.1337731999999998,stack_flip,2.0,6.691155571772042,53.81864708268473,7994.422092354135,7994.422092354135,7994.422092354135,368.9883076565099,8.879367363970786,3.551761847191095,360.1089402925391,360.1089402925391,6.691155571772042,9054.982150435071,stacked_mtf_v3.3_2h_sync,stack_flip,BACKTEST_ONLY,long-2026-07-03 00:00:00+00:00
120,2026-07-04 14:00:00+00:00,2026-07-04 20:15:00+00:00,2026-07-04 14:00:00+00:00,2026-07-04 20:15:00+00:00,long,1.1649329400000001,1.1454565826902008,1.2038856546195988,1.1598679799999998,stack_flip,2.0,-0.31973948520995255,90.5498215043507,4649.217513522993,4649.217513522993,4649.217513522993,-23.548100737294998,5.404252576359183,2.1617001750876508,-28.952353313654182,-28.952353313654182,-0.31973948520995255,9026.029797121417,stacked_mtf_v3.3_2h_sync,stack_flip,BACKTEST_ONLY,long-2026-07-04 14:00:00+00:00
121,2026-07-10 10:00:00+00:00,2026-07-10 18:30:00+00:00,2026-07-10 10:00:00+00:00,2026-07-10 18:30:00+00:00,long,1.1142228,1.1105961790653376,1.121476041869325,1.10037988,stack_flip,2.0,-4.122355660915374,29.378315197936978,8100.740531535897,8100.740531535897,8100.740531535897,-112.13790311880965,8.969960845562012,3.58797999622788,-121.10786396437166,-121.10786396437166,-4.122355660915374,8904.921933157046,stacked_mtf_v3.3_2h_sync,stack_flip,BACKTEST_ONLY,long-2026-07-10 10:00:00+00:00
122,2026-07-11 04:00:00+00:00,2026-07-11 22:15:00+00:00,2026-07-11 04:00:00+00:00,2026-07-11 22:15:00+00:00,long,1.1072214,1.1045893652288545,1.112485469542291,1.1087782,stack_flip,2.0,0.17051454065881963,21.168362680133733,8042.584737936826,8042.584737936826,8042.584737936826,12.520695920019358,8.911182281117055,3.5644735558536014,3.6095136389023033,3.6095136389023033,0.17051454065881963,8908.531446795949,stacked_mtf_v3.3_2h_sync,stack_flip,BACKTEST_ONLY,long-2026-07-11 04:00:00+00:00
123,2026-07-14 16:00:00+00:00,2026-07-15 19:45:00+00:00,2026-07-14 16:00:00+00:00,2026-07-15 19:45:00+00:00,long,1.10562108,1.0976914981274182,1.1214802437451634,1.10967802,stack_flip,2.0,0.37193517859976094,63.89253131085165,8057.4905887249815,8057.4905887249815,8057.4905887249815,32.68875586902289,8.924875824730462,3.5699517802404905,23.763880044292428,23.763880044292428,0.37193517859976094,8932.295326840242,stacked_mtf_v3.3_2h_sync,stack_flip,BACKTEST_ONLY,long-2026-07-14 16:00:00+00:00
124,2026-07-16 06:00:00+00:00,2026-07-16 07:30:00+00:00,2026-07-16 06:00:00+00:00,2026-07-16 07:30:00+00:00,long,1.1159231399999998,1.1124727999509831,1.1228238200980332,1.1059787600000002,stack_flip,2.0,-3.204127938969476,27.617902336751783,8004.400129958989,8004.400129958989,8004.400129958989,-79.59879656435871,8.892495928558063,3.5569953297511754,-88.49129249291677,-88.49129249291677,-3.204127938969476,8843.804034347324,stacked_mtf_v3.3_2h_sync,stack_flip,BACKTEST_ONLY,long-2026-07-16 06:00:00+00:00
125,2026-07-20 16:00:00+00:00,2026-07-21 22:00:00+00:00,2026-07-20 16:00:00+00:00,2026-07-21 22:00:00+00:00,long,1.11382272,1.1008883279600048,1.1396915040799902,1.1407718,stack_flip,2.0,1.9963661732345157,88.43804034347323,6837.433106249538,6837.433106249538,6837.433106249538,184.26253177496775,7.707819606108393,3.083135336270041,176.55471216885937,176.55471216885937,1.9963661732345157,9020.358746516184,stacked_mtf_v3.3_2h_sync,stack_flip,BACKTEST_ONLY,long-2026-07-20 16:00:00+00:00
126,2026-07-22 14:00:00+00:00,2026-07-22 18:15:00+00:00,2026-07-22 14:00:00+00:00,2026-07-22 18:15:00+00:00,long,1.14642924,1.1397219692058265,1.1598437815883471,1.1430713399999999,stack_flip,2.0,-0.6713088569364882,52.774289648679854,7868.221109325669,7868.221109325669,7868.221109325669,-26.420699663005735,9.00714839668468,3.602858445960224,-35.42784805969042,-35.42784805969042,-0.6713088569364882,8984.930898456492,stacked_mtf_v3.3_2h_sync,stack_flip,BACKTEST_ONLY,long-2026-07-22 14:00:00+00:00
127,2026-07-27 00:00:00+00:00,2026-07-27 12:00:00+00:00,2026-07-27 00:00:00+00:00,2026-07-27 12:00:00+00:00,long,1.11162228,1.1086033475693748,1.1176601448612502,1.1030793399999999,stack_flip,2.0,-3.1965905272023116,24.401183535360598,8082.719337414227,8082.719337414227,8082.719337414227,-69.05018633637039,8.950405805288309,3.5801597033142576,-78.0005921416587,-78.0005921416587,-3.1965905272023116,8906.930306314833,stacked_mtf_v3.3_2h_sync,stack_flip,BACKTEST_ONLY,long-2026-07-27 00:00:00+00:00
128,2026-07-30 16:00:00+00:00,2026-07-31 00:45:00+00:00,2026-07-30 16:00:00+00:00,2026-07-31 00:45:00+00:00,long,1.0920183600000002,1.0850199534151221,1.1060151731697563,1.0814836600000002,stack_flip,2.0,-1.660585287386889,57.08175062804215,8156.392449587414,8156.392449587414,8156.392449587414,-85.9251475386686,8.863967732545499,3.5455837978356493,-94.7891152712141,-94.7891152712141,-1.660585287386889,8812.141191043618,stacked_mtf_v3.3_2h_sync,stack_flip,BACKTEST_ONLY,long-2026-07-30 16:00:00+00:00
129,2026-08-02 06:00:00+00:00,2026-08-03 01:00:00+00:00,2026-08-02 06:00:00+00:00,2026-08-03 01:00:00+00:00,long,1.08261648,1.0774863597255466,1.0928767205489067,1.07768442,stack_flip,2.0,-1.1719433713745904,41.75748755045599,8139.670283832755,8139.670283832755,8139.670283832755,-40.1453422200803,8.79206851993358,3.5168259428327806,-48.93741074001388,-48.93741074001388,-1.1719433713745904,8763.203780303604,stacked_mtf_v3.3_2h_sync,stack_flip,BACKTEST_ONLY,long-2026-08-02 06:00:00+00:00
130,2026-08-03 16:00:00+00:00,2026-08-03 22:00:00+00:00,2026-08-03 16:00:00+00:00,2026-08-03 22:00:00+00:00,long,1.08361668,1.0767317101797258,1.0973866196405484,1.07568482,stack_flip,2.0,-1.3088671388890882,55.678723546690975,8086.996021788446,8086.996021788446,8086.996021788446,-64.144920265383,8.731131320170913,3.4924501019695584,-72.87605158555392,-72.87605158555392,-1.3088671388890882,8690.32772871805,stacked_mtf_v3.3_2h_sync,stack_flip,BACKTEST_ONLY,long-2026-08-03 16:00:00+00:00
131,2026-08-04 12:00:00+00:00,2026-08-04 13:45:00+00:00,2026-08-04 12:00:00+00:00,2026-08-04 13:45:00+00:00,long,1.07711538,1.074129340795631,1.083087458408738,1.07208554,stack_flip,2.0,-2.044326963647447,24.091810198427634,8068.149327436073,8068.149327436073,8068.149327436073,-40.58150021311067,8.670036978611494,3.4680133069051218,-49.251537191722164,-49.251537191722164,-2.044326963647447,8641.076191526328,stacked_mtf_v3.3_2h_sync,stack_flip,BACKTEST_ONLY,long-2026-08-04 12:00:00+00:00
132,2026-08-04 20:00:00+00:00,2026-08-04 23:15:00+00:00,2026-08-04 20:00:00+00:00,2026-08-04 23:15:00+00:00,long,1.07941584,1.0753198487560724,1.0876078224878551,1.07418512,stack_flip,2.0,-1.5399252841057718,32.78974710858681,8005.326465772754,8005.326465772754,8005.326465772754,-41.873621251046146,8.620139380900804,3.4480542153376406,-50.49376063194695,-50.49376063194695,-1.5399252841057718,8590.582430894381,stacked_mtf_v3.3_2h_sync,stack_flip,BACKTEST_ONLY,long-2026-08-04 20:00:00+00:00
133,2026-08-19 14:00:00+00:00,2026-08-22 09:30:00+00:00,2026-08-19 14:00:00+00:00,2026-08-22 09:30:00+00:00,long,1.01700336,1.0126920545975397,1.0256259708049202,1.50959802,stack_flip,2.0,113.9634782146566,36.41740617709888,8446.955800514152,8446.955800514152,8446.955800514152,4160.925320589298,10.671045091189029,4.268584644231821,4150.25427549811,4150.25427549811,113.9634782146566,12740.83670639249,stacked_mtf_v3.3_2h_sync,stack_flip,BACKTEST_ONLY,long-2026-08-19 14:00:00+00:00
134,2026-08-23 14:00:00+00:00,2026-08-24 00:30:00+00:00,2026-08-23 14:00:00+00:00,2026-08-24 00:30:00+00:00,long,1.55051004,1.4940232299313823,1.6634836601372356,1.48700254,stack_flip,2.0,-1.1511759331250766,127.40836706392493,2255.5419027761463,2255.5419027761463,2255.5419027761463,-143.24382739055622,3.4256184521998407,1.3702417059365088,-146.66944584275606,-146.66944584275606,-1.1511759331250766,12594.167260549735,stacked_mtf_v3.3_2h_sync,stack_flip,BACKTEST_ONLY,long-2026-08-23 14:00:00+00:00
135,2026-09-03 16:00:00+00:00,2026-09-04 12:30:00+00:00,2026-09-03 16:00:00+00:00,2026-09-04 12:30:00+00:00,long,1.4512902,1.4199091998758007,1.514052200248399,1.41161762,stack_flip,2.0,-1.3098382380204274,125.94167260549735,4013.309713108142,4013.309713108142,4013.309713108142,-159.21835065806053,5.744867880869629,2.2979408755314603,-164.96321853893016,-164.96321853893016,-1.3098382380204274,12429.204042010804,stacked_mtf_v3.3_2h_sync,stack_flip,BACKTEST_ONLY,long-2026-09-03 16:00:00+00:00
136,2026-09-14 18:00:00+00:00,2026-09-15 03:00:00+00:00,2026-09-14 18:00:00+00:00,2026-09-15 03:00:00+00:00,long,1.435287,1.4130407123705424,1.4797795752589151,1.4137172,stack_flip,2.0,-1.033624238030255,124.29204042010804,5587.091315655107,5587.091315655107,5587.091315655107,-120.51244226041737,7.958823312042463,3.1835246316602803,-128.47126557245983,-128.47126557245983,-1.033624238030255,12300.732776438344,stacked_mtf_v3.3_2h_sync,stack_flip,BACKTEST_ONLY,long-2026-09-14 18:00:00+00:00
137,2026-09-18 16:00:00+00:00,2026-09-19 21:00:00+00:00,2026-09-18 16:00:00+00:00,2026-09-19 21:00:00+00:00,long,1.38197634,1.3614393444677333,1.4230503310645335,1.41831628,stack_flip,2.0,1.7013098938987568,123.00732776438345,5989.54835292827,5989.54835292827,5989.54835292827,217.6598277725119,8.386244024919096,3.354506450541007,209.2735837475928,209.2735837475928,1.7013098938987568,12510.006360185937,stacked_mtf_v3.3_2h_sync,stack_flip,BACKTEST_ONLY,long-2026-09-18 16:00:00+00:00
138,2026-09-21 08:00:00+00:00,2026-09-22 03:15:00+00:00,2026-09-21 08:00:00+00:00,2026-09-22 03:15:00+00:00,long,1.4453890200000001,1.4206169180102215,1.4949332239795574,1.51429708,end_of_test,2.0,2.7219416817281705,125.10006360185936,5050.038291198608,5050.038291198608,5050.038291198608,347.9883415722103,7.473264067464137,2.989319666092104,340.51507750474616,340.51507750474616,2.7219416817281705,12850.521437690682,stacked_mtf_v3.3_2h_sync,end_of_test,BACKTEST_ONLY,long-2026-09-21 08:00:00+00:00
